Workbook

Sheet Floorplans
A1: Display name | B1: ID | C1: Manufacturer | D1: Series | E1: Version | F1: Category | G1: Model number | H1: Model name | I1: Bedrooms | J1: Bathrooms | K1: Sq ft | L1: Width (ft) | M1: Length (ft) | N1: Sections | O1: Size (original text) | P1: Show on kiosk | Q1: Why not shown | R1: Price | S1: Has 3D tour | T1: Floorplan PDF | U1: 360 rendering (Momento360) | V1: Matterport tour | W1: Other 3D tour | X1: Main photo | Y1: All photos (semicolon-separated) | Z1: Description | AA1: Construction specs | AB1: Exterior specs | AC1: Interior specs | AD1: Utilities specs | AE1: Kitchen & bath specs | AF1: In spreadsheet | AG1: In store catalog | AH1: Visible in store | AI1: Open review items
A2: Dream Silver Casita | B2: gw-dream-silver-casita | C2: Golden West | D2: Dream Silver | E2: Standard | F2: Floorplan | G2: 30-1 ADU | H2: Casita | I2: 1 | J2: 1 | K2: 409 | L2: 13.5 | M2: 38.33 | N2: Single | O2: 13' 6" WIDE | P2: Yes | S2: =IF(COUNTA(U2:W2)>0,"Yes","No") -> Yes | T2: https://raw.githubusercontent.com/CadelMVH/Wix-Gallery-Downloads/main/DRM/Casita.pdf | U2: https://momento360.com/e/uc/dcc793a4ecd5443eab27501b640cf53b | X2: https://static.wixstatic.com/media/866235_9c8d2709b61a478ebb1b659915750f8b~mv2.webp | Y2: https://static.wixstatic.com/media/866235_9c8d2709b61a478ebb1b659915750f8b~mv2.webp; https://static.wixstatic.com/media/866235_180ed77e6d0c4e489699bf325119ba07~mv2.webp | Z2: The Dream Silver / 30-1 ADU Casita built by Golden West Homes provides 409 square feet of efficiently crafted living space, featuring 1 bedroom and 1 bathroom. This manufactured home is perfect for those seeking a cozy yet functional layout, with an open area ideal for daily relaxation and a private bedroom that offers a restful escape. The 30-1 ADU Casita is an excellent choice for individuals or couples looking for a compact, modern home that combines practicality with a welcoming, comfortable atmosphere. | AA2: Additional Specs: In-Floor Waste Plumbing / Kiln Dried Framing Lumber / GFI Receptacle at all Wet Areas; Exterior Wall On Center: 16” O.C.; Exterior Wall Studs: 2'x6' Exterior Walls; Floor Decking: 19/32” OSB T&G Floor Decking; Floor Joists: 2x6 Floor Joists -16” O.C.; Roof Load: 30# Roof Load; Side Wall Height: 96” Sidewall (Flat Ceiling); Insulation (Floors): R-33; Insulation (Walls): R-21; Insulation (Ceiling): R-40 | AB2: Additional Specs: 2x8 Rough Sawn / Continuous Eave Soffit Venting / Ridge Style Roof Venting / Deadbolts on Front and Rear Doors; Front Door: 36” Front Doors; Rear Door: 36” Rear Doors; Roof Pitch: 3:12 (4:12 pitch single sections); Shingles: Architectural Shingles; Siding: LP Smart Panel Siding w/5/50 year warranty; Window Trim: 4” Window Trim; Window Type: Dual Pane Low-E Windows; Exterior Lighting: Porch Lights at each Exterior Entry; Front Rear Eaves: Exterior 14" Eaves Double wide, 6" Single wide; Exterior Outlets: Exterior 2 GFI Standard | AC2: Ceiling Texture: Brocade Style Ceiling Drywall Finish; Door Carpet Type: Entry Lino; Safety Alarms: Smoke Alarms, Bdrms & Living Areas; Window Type: Wood Window Interior Wrap / Egress Windows in all Bedrooms; Molding: Baseboard Molding in Lino Areas; Wall Finish: Tape and Texture Drywall Throughout / Square Sheetrock Corners; Interior Doors: 2-Panel Interior Doors; Carpet Type Or Grade: 5# Carpet Pad / New Wave 25oz Carpet | AD2: Electrical Service: 200 Amp Electrical Service; Electrical Wiring: All Copper Wiring; Furnace: Forced Air Elect Down Flow Furnace; Other: Receptacle at Fresh Water Inlet; Shut Off Valves Throughout: Whole House Shut-off Valve; Thermostat: EcoBee T-Stat; Washer Dryer Hook Up: Plumbed/Wire For Washer and Dryer; Water Heater: 40 Gallon Electric Water Heater; Water Shut Off Valves: Shut-Off Valves at Toilets & Sinks | AE2: Kitchen Sink: Kitchen Sink 8” Stainless Steel; Kitchen Refrigerator: Frigidaire 18 cu ft Refrigerator; Kitchen Range Type: Frigidaire Free Standing Range; Kitchen Range Hood: 30” Lighted Exhaust Fan over Range; Kitchen Lighting: Recessed Lights (Qty. Per Model); Kitchen Flooring: No-Wax Vinyl Flooring; Kitchen Faucets: Single Lever Faucet with Sprayer; Kitchen Countertops: Laminated Counter Tops / Crescent Edge T/Out; Kitchen Additional Specs: Fire Extinguisher Under Sink; Bathroom Sink: China Lavy Sinks; Bathroom Lighting: Recessed Lights (Per Model); Bathroom Flooring: No-Wax Vinyl Flooring; Bathroom Countertops: Laminated Counter Tops / Crescent Edge T/Out; Bathroom Faucets: Adjustable Shower Heads; Bathroom Fans: Exhaust Fans w/Light in each Bath; Bathroom Toilet Type: Elongated Toilets; Bathroom Bathtubs: 60” Fiberglass Tub/Shower in each Bath | AF2: Yes | AG2: Yes | AH2: Yes | AI2: =COUNTIF('Needs review'!$A:$A,B2) -> 0
A3: Dream Silver 401M | B3: gw-dream-silver-401m | C3: Golden West | D3: Dream Silver | E3: Standard | F3: Floorplan | G3: DRM 401M | I3: 1 | J3: 1 | K3: 540 | L3: 13.5 | M3: 40 | N3: Single | O3: 13' 6" WIDE | P3: Yes | S3: =IF(COUNTA(U3:W3)>0,"Yes","No") -> Yes | U3: https://momento360.com/e/uc/999746fb962b487c85886840fcc14234 | X3: https://static.wixstatic.com/media/866235_6da00937ee914326a828426428da3156~mv2.webp | Y3: https://static.wixstatic.com/media/866235_6da00937ee914326a828426428da3156~mv2.webp | Z3: The Dream Silver / DRM 401M built by Golden West Homes offers 540 square feet of thoughtfully designed living space, featuring 1 bedroom and 1 bathroom. This manufactured home maximizes compact living, with an efficient layout that provides a comfortable open area for daily living and a private bedroom that ensures a restful retreat. The DRM 401M is an ideal option for those seeking a modern, streamlined home that balances style and functionality, making it perfect for cozy living or a stylish escape. | AA3: Additional Specs: In-Floor Waste Plumbing / Kiln Dried Framing Lumber / GFI Receptacle at all Wet Areas; Exterior Wall On Center: 16” O.C.; Exterior Wall Studs: 2'x6' Exterior Walls; Floor Decking: 19/32” OSB T&G Floor Decking; Floor Joists: 2x6 Floor Joists -16” O.C.; Roof Load: 30# Roof Load; Side Wall Height: 96” Sidewall (Flat Ceiling); Insulation (Floors): R-33; Insulation (Walls): R-21; Insulation (Ceiling): R-40 | AB3: Additional Specs: 2x8 Rough Sawn / Continuous Eave Soffit Venting / Ridge Style Roof Venting / Deadbolts on Front and Rear Doors; Front Door: 36” Front Doors; Rear Door: 36” Rear Doors; Roof Pitch: 3:12 (4:12 pitch single sections); Shingles: Architectural Shingles; Siding: LP Smart Panel Siding w/5/50 year warranty; Window Trim: 4” Window Trim; Window Type: Dual Pane Low-E Windows; Exterior Lighting: Porch Lights at each Exterior Entry; Front Rear Eaves: Exterior 14" Eaves Double wide, 6" Single wide; Exterior Outlets: Exterior 2 GFI Standard | AC3: Ceiling Texture: Brocade Style Ceiling Drywall Finish; Door Carpet Type: Entry Lino; Safety Alarms: Smoke Alarms, Bdrms & Living Areas; Window Type: Wood Window Interior Wrap / Egress Windows in all Bedrooms; Molding: Baseboard Molding in Lino Areas; Wall Finish: Tape and Texture Drywall Throughout / Square Sheetrock Corners; Interior Doors: 2-Panel Interior Doors; Carpet Type Or Grade: 5# Carpet Pad / New Wave 25oz Carpet | AD3: Electrical Service: 200 Amp Electrical Service; Electrical Wiring: All Copper Wiring; Furnace: Forced Air Elect Down Flow Furnace; Other: Receptacle at Fresh Water Inlet; Shut Off Valves Throughout: Whole House Shut-off Valve; Thermostat: EcoBee T-Stat; Washer Dryer Hook Up: Plumbed/Wire For Washer and Dryer; Water Heater: 40 Gallon Electric Water Heater; Water Shut Off Valves: Shut-Off Valves at Toilets & Sinks | AE3: Kitchen Sink: Kitchen Sink 8” Stainless Steel; Kitchen Refrigerator: Frigidaire 18 cu ft Refrigerator; Kitchen Range Type: Frigidaire Free Standing Range; Kitchen Range Hood: 30” Lighted Exhaust Fan over Range; Kitchen Lighting: Recessed Lights (Qty. Per Model); Kitchen Flooring: No-Wax Vinyl Flooring; Kitchen Faucets: Single Lever Faucet with Sprayer; Kitchen Countertops: Laminated Counter Tops / Crescent Edge T/Out; Kitchen Additional Specs: Fire Extinguisher Under Sink; Bathroom Sink: China Lavy Sinks; Bathroom Lighting: Recessed Lights (Per Model); Bathroom Flooring: No-Wax Vinyl Flooring; Bathroom Countertops: Laminated Counter Tops / Crescent Edge T/Out; Bathroom Faucets: Adjustable Shower Heads; Bathroom Fans: Exhaust Fans w/Light in each Bath; Bathroom Toilet Type: Elongated Toilets; Bathroom Bathtubs: 60” Fiberglass Tub/Shower in each Bath | AF3: Yes | AG3: Yes | AH3: Yes | AI3: =COUNTIF('Needs review'!$A:$A,B3) -> 1
A4: Dream Silver 301P | B4: gw-dream-silver-301p | C4: Golden West | D4: Dream Silver | E4: Standard | F4: Floorplan | G4: DRM 301P | I4: 1 | J4: 1 | K4: 547 | L4: 20 | M4: 30 | N4: Double | O4: 20' WIDE | P4: Yes | S4: =IF(COUNTA(U4:W4)>0,"Yes","No") -> Yes | T4: https://raw.githubusercontent.com/CadelMVH/Wix-Gallery-Downloads/main/DRM/301P.pdf | U4: https://momento360.com/e/uc/ef300530b0e543a992478916e4be7d57 | X4: https://static.wixstatic.com/media/866235_bcc9274dcd004055ba80525c2dcf17eb~mv2.webp | Y4: https://static.wixstatic.com/media/866235_bcc9274dcd004055ba80525c2dcf17eb~mv2.webp; https://static.wixstatic.com/media/866235_5113cc8a7c0c4f5495c1c5811a5a4834~mv2.webp | Z4: The Dream Silver / DRM 301P built by Golden West Homes offers 547 square feet of efficiently designed living space, featuring 1 bedroom and 1 bathroom. This manufactured home maximizes comfort within a compact footprint, with an open living area that enhances functionality and a private bedroom that provides a restful retreat. The DRM 301P is an ideal choice for individuals or couples seeking a cozy, modern home that blends practicality with style, making it perfect for those who appreciate efficient, comfortable living. | AA4: Additional Specs: In-Floor Waste Plumbing / Kiln Dried Framing Lumber / GFI Receptacle at all Wet Areas; Exterior Wall On Center: 16” O.C.; Exterior Wall Studs: 2'x6' Exterior Walls; Floor Decking: 19/32” OSB T&G Floor Decking; Floor Joists: 2x6 Floor Joists -16” O.C.; Roof Load: 30# Roof Load; Side Wall Height: 96” Sidewall (Flat Ceiling); Insulation (Floors): R-33; Insulation (Walls): R-21; Insulation (Ceiling): R-40 | AB4: Additional Specs: 2x8 Rough Sawn / Continuous Eave Soffit Venting / Ridge Style Roof Venting / Deadbolts on Front and Rear Doors; Front Door: 36” Front Doors; Rear Door: 36” Rear Doors; Roof Pitch: 3:12 (4:12 pitch single sections); Shingles: Architectural Shingles; Siding: LP Smart Panel Siding w/5/50 year warranty; Window Trim: 4” Window Trim; Window Type: Dual Pane Low-E Windows; Exterior Lighting: Porch Lights at each Exterior Entry; Front Rear Eaves: Exterior 14" Eaves Double wide, 6" Single wide; Exterior Outlets: Exterior 2 GFI Standard | AC4: Ceiling Texture: Brocade Style Ceiling Drywall Finish; Door Carpet Type: Entry Lino; Safety Alarms: Smoke Alarms, Bdrms & Living Areas; Window Type: Wood Window Interior Wrap / Egress Windows in all Bedrooms; Molding: Baseboard Molding in Lino Areas; Wall Finish: Tape and Texture Drywall Throughout / Square Sheetrock Corners; Interior Doors: 2-Panel Interior Doors; Carpet Type Or Grade: 5# Carpet Pad / New Wave 25oz Carpet | AD4: Electrical Service: 200 Amp Electrical Service; Electrical Wiring: All Copper Wiring; Furnace: Forced Air Elect Down Flow Furnace; Other: Receptacle at Fresh Water Inlet; Shut Off Valves Throughout: Whole House Shut-off Valve; Thermostat: EcoBee T-Stat; Washer Dryer Hook Up: Plumbed/Wire For Washer and Dryer; Water Heater: 40 Gallon Electric Water Heater; Water Shut Off Valves: Shut-Off Valves at Toilets & Sinks | AE4: Kitchen Sink: Kitchen Sink 8” Stainless Steel; Kitchen Refrigerator: Frigidaire 18 cu ft Refrigerator; Kitchen Range Type: Frigidaire Free Standing Range; Kitchen Range Hood: 30” Lighted Exhaust Fan over Range; Kitchen Lighting: Recessed Lights (Qty. Per Model); Kitchen Flooring: No-Wax Vinyl Flooring; Kitchen Faucets: Single Lever Faucet with Sprayer; Kitchen Countertops: Laminated Counter Tops / Crescent Edge T/Out; Kitchen Additional Specs: Fire Extinguisher Under Sink; Bathroom Sink: China Lavy Sinks; Bathroom Lighting: Recessed Lights (Per Model); Bathroom Flooring: No-Wax Vinyl Flooring; Bathroom Countertops: Laminated Counter Tops / Crescent Edge T/Out; Bathroom Faucets: Adjustable Shower Heads; Bathroom Fans: Exhaust Fans w/Light in each Bath; Bathroom Toilet Type: Elongated Toilets; Bathroom Bathtubs: 60” Fiberglass Tub/Shower in each Bath | AF4: Yes | AG4: Yes | AH4: Yes | AI4: =COUNTIF('Needs review'!$A:$A,B4) -> 0
A5: Dream Silver 481M | B5: gw-dream-silver-481m | C5: Golden West | D5: Dream Silver | E5: Standard | F5: Floorplan | G5: DRM 481M | I5: 2 | J5: 1 | K5: 648 | L5: 13.5 | M5: 48 | N5: Single | O5: 13' 6" WIDE | P5: Yes | S5: =IF(COUNTA(U5:W5)>0,"Yes","No") -> Yes | T5: https://raw.githubusercontent.com/CadelMVH/Wix-Gallery-Downloads/main/DRM/481M.pdf | U5: https://momento360.com/e/uc/76f05bf3de0a4e5f9b2e5b03c47ce5c8 | X5: https://static.wixstatic.com/media/866235_c6ca4fc7e5b64058ba2e55542548fe99~mv2.webp | Y5: https://static.wixstatic.com/media/866235_c6ca4fc7e5b64058ba2e55542548fe99~mv2.webp; https://static.wixstatic.com/media/866235_ddb53fb332074daf9a216a19491433fd~mv2.webp; https://static.wixstatic.com/media/866235_7fe235120b5d423dba1b74eef517ff23~mv2.webp; https://static.wixstatic.com/media/866235_ce23bacb3de4418aaa21023b3a0d0a20~mv2.webp; https://static.wixstatic.com/media/866235_c392d7f58e974a2ca49923280a6c0ae4~mv2.webp; https://static.wixstatic.com/media/866235_83870faf8db44ad8a881d7b5651235cc~mv2.webp; https://static.wixstatic.com/media/866235_6b4d6779a66e410da1571f9cae425a43~mv2.webp | Z5: The Dream Silver / DRM 481M built by Golden West Homes offers 648 square feet of efficiently designed living space, featuring 2 bedrooms and 1 bathroom. This manufactured home makes the most of every square foot, with a smart layout that fosters both comfort and functionality, ideal for cozy living. The DRM 481M is a great choice for individuals or couples looking for a compact, contemporary home that provides a sense of style and purpose, making it a perfect fit for efficient everyday living or a welcoming retreat. | AA5: Additional Specs: In-Floor Waste Plumbing / Kiln Dried Framing Lumber / GFI Receptacle at all Wet Areas; Exterior Wall On Center: 16” O.C.; Exterior Wall Studs: 2'x6' Exterior Walls; Floor Decking: 19/32” OSB T&G Floor Decking; Floor Joists: 2x6 Floor Joists -16” O.C.; Roof Load: 30# Roof Load; Side Wall Height: 96” Sidewall (Flat Ceiling); Insulation (Floors): R-33; Insulation (Walls): R-21; Insulation (Ceiling): R-40 | AB5: Additional Specs: 2x8 Rough Sawn / Continuous Eave Soffit Venting / Ridge Style Roof Venting / Deadbolts on Front and Rear Doors; Front Door: 36” Front Doors; Rear Door: 36” Rear Doors; Roof Pitch: 3:12 (4:12 pitch single sections); Shingles: Architectural Shingles; Siding: LP Smart Panel Siding w/5/50 year warranty; Window Trim: 4” Window Trim; Window Type: Dual Pane Low-E Windows; Exterior Lighting: Porch Lights at each Exterior Entry; Front Rear Eaves: Exterior 14" Eaves Double wide, 6" Single wide; Exterior Outlets: Exterior 2 GFI Standard | AC5: Ceiling Texture: Brocade Style Ceiling Drywall Finish; Door Carpet Type: Entry Lino; Safety Alarms: Smoke Alarms, Bdrms & Living Areas; Window Type: Wood Window Interior Wrap / Egress Windows in all Bedrooms; Molding: Baseboard Molding in Lino Areas; Wall Finish: Tape and Texture Drywall Throughout / Square Sheetrock Corners; Interior Doors: 2-Panel Interior Doors; Carpet Type Or Grade: 5# Carpet Pad / New Wave 25oz Carpet | AD5: Electrical Service: 200 Amp Electrical Service; Electrical Wiring: All Copper Wiring; Furnace: Forced Air Elect Down Flow Furnace; Other: Receptacle at Fresh Water Inlet; Shut Off Valves Throughout: Whole House Shut-off Valve; Thermostat: EcoBee T-Stat; Washer Dryer Hook Up: Plumbed/Wire For Washer and Dryer; Water Heater: 40 Gallon Electric Water Heater; Water Shut Off Valves: Shut-Off Valves at Toilets & Sinks | AE5: Kitchen Sink: Kitchen Sink 8” Stainless Steel; Kitchen Refrigerator: Frigidaire 18 cu ft Refrigerator; Kitchen Range Type: Frigidaire Free Standing Range; Kitchen Range Hood: 30” Lighted Exhaust Fan over Range; Kitchen Lighting: Recessed Lights (Qty. Per Model); Kitchen Flooring: No-Wax Vinyl Flooring; Kitchen Faucets: Single Lever Faucet with Sprayer; Kitchen Countertops: Laminated Counter Tops / Crescent Edge T/Out; Kitchen Additional Specs: Fire Extinguisher Under Sink; Bathroom Sink: China Lavy Sinks; Bathroom Lighting: Recessed Lights (Per Model); Bathroom Flooring: No-Wax Vinyl Flooring; Bathroom Countertops: Laminated Counter Tops / Crescent Edge T/Out; Bathroom Faucets: Adjustable Shower Heads; Bathroom Fans: Exhaust Fans w/Light in each Bath; Bathroom Toilet Type: Elongated Toilets; Bathroom Bathtubs: 60” Fiberglass Tub/Shower in each Bath | AF5: Yes | AG5: Yes | AH5: Yes | AI5: =COUNTIF('Needs review'!$A:$A,B5) -> 0
A6: Dream Silver 521M | B6: gw-dream-silver-521m | C6: Golden West | D6: Dream Silver | E6: Standard | F6: Floorplan | G6: DRM 521M | I6: 2 | J6: 1 | K6: 702 | L6: 14 | M6: 52 | N6: Single | O6: 13' 6" WIDE | P6: Yes | S6: =IF(COUNTA(U6:W6)>0,"Yes","No") -> No | T6: https://raw.githubusercontent.com/CadelMVH/Wix-Gallery-Downloads/main/DRM/521M.pdf | X6: https://static.wixstatic.com/media/866235_922087d54c3142fab96a9b0d853664b0~mv2.webp | Y6: https://static.wixstatic.com/media/866235_922087d54c3142fab96a9b0d853664b0~mv2.webp; https://static.wixstatic.com/media/866235_78ff8acef6b04600a11862b5dba051d3~mv2.webp | Z6: The Dream Silver / DRM 521M built by Golden West Homes offers 702 square feet of efficient living space, featuring 2 bedrooms and 1 bathroom. This manufactured home is thoughtfully designed to maximize functionality within a compact layout, providing open areas for comfortable daily living and private bedrooms that offer a cozy retreat. The DRM 521M is an ideal choice for individuals or couples seeking a modern, compact home that blends practicality with a welcoming atmosphere, perfect for both short stays and long-term living. | AA6: Additional Specs: In-Floor Waste Plumbing / Kiln Dried Framing Lumber / GFI Receptacle at all Wet Areas; Exterior Wall On Center: 16” O.C.; Exterior Wall Studs: 2'x6' Exterior Walls; Floor Decking: 19/32” OSB T&G Floor Decking; Floor Joists: 2x6 Floor Joists -16” O.C.; Roof Load: 30# Roof Load; Side Wall Height: 96” Sidewall (Flat Ceiling); Insulation (Floors): R-33; Insulation (Walls): R-21; Insulation (Ceiling): R-40 | AB6: Additional Specs: 2x8 Rough Sawn / Continuous Eave Soffit Venting / Ridge Style Roof Venting / Deadbolts on Front and Rear Doors; Front Door: 36” Front Doors; Rear Door: 36” Rear Doors; Roof Pitch: 3:12 (4:12 pitch single sections); Shingles: Architectural Shingles; Siding: LP Smart Panel Siding w/5/50 year warranty; Window Trim: 4” Window Trim; Window Type: Dual Pane Low-E Windows; Exterior Lighting: Porch Lights at each Exterior Entry; Front Rear Eaves: Exterior 14" Eaves Double wide, 6" Single wide; Exterior Outlets: Exterior 2 GFI Standard | AC6: Ceiling Texture: Brocade Style Ceiling Drywall Finish; Door Carpet Type: Entry Lino; Safety Alarms: Smoke Alarms, Bdrms & Living Areas; Window Type: Wood Window Interior Wrap / Egress Windows in all Bedrooms; Molding: Baseboard Molding in Lino Areas; Wall Finish: Tape and Texture Drywall Throughout / Square Sheetrock Corners; Interior Doors: 2-Panel Interior Doors; Carpet Type Or Grade: 5# Carpet Pad / New Wave 25oz Carpet | AD6: Electrical Service: 200 Amp Electrical Service; Electrical Wiring: All Copper Wiring; Furnace: Forced Air Elect Down Flow Furnace; Other: Receptacle at Fresh Water Inlet; Shut Off Valves Throughout: Whole House Shut-off Valve; Thermostat: EcoBee T-Stat; Washer Dryer Hook Up: Plumbed/Wire For Washer and Dryer; Water Heater: 40 Gallon Electric Water Heater; Water Shut Off Valves: Shut-Off Valves at Toilets & Sinks | AE6: Kitchen Sink: Kitchen Sink 8” Stainless Steel; Kitchen Refrigerator: Frigidaire 18 cu ft Refrigerator; Kitchen Range Type: Frigidaire Free Standing Range; Kitchen Range Hood: 30” Lighted Exhaust Fan over Range; Kitchen Lighting: Recessed Lights (Qty. Per Model); Kitchen Flooring: No-Wax Vinyl Flooring; Kitchen Faucets: Single Lever Faucet with Sprayer; Kitchen Countertops: Laminated Counter Tops / Crescent Edge T/Out; Kitchen Additional Specs: Fire Extinguisher Under Sink; Bathroom Sink: China Lavy Sinks; Bathroom Lighting: Recessed Lights (Per Model); Bathroom Flooring: No-Wax Vinyl Flooring; Bathroom Countertops: Laminated Counter Tops / Crescent Edge T/Out; Bathroom Faucets: Adjustable Shower Heads; Bathroom Fans: Exhaust Fans w/Light in each Bath; Bathroom Toilet Type: Elongated Toilets; Bathroom Bathtubs: 60” Fiberglass Tub/Shower in each Bath | AF6: Yes | AG6: Yes | AH6: Yes | AI6: =COUNTIF('Needs review'!$A:$A,B6) -> 0
A7: Dream Silver 561M | B7: gw-dream-silver-561m | C7: Golden West | D7: Dream Silver | E7: Standard | F7: Floorplan | G7: DRM 561M | I7: 2 | J7: 1 | K7: 756 | L7: 14 | M7: 56 | N7: Single | O7: 13' 6" WIDE | P7: Yes | S7: =IF(COUNTA(U7:W7)>0,"Yes","No") -> Yes | T7: https://raw.githubusercontent.com/CadelMVH/Wix-Gallery-Downloads/main/DRM/561M.pdf | U7: https://momento360.com/e/uc/1e50ee51532140168e6d78c231a912b3 | X7: https://static.wixstatic.com/media/866235_579e0afb28c04b948113103ece5efb72~mv2.webp | Y7: https://static.wixstatic.com/media/866235_579e0afb28c04b948113103ece5efb72~mv2.webp; https://static.wixstatic.com/media/866235_db9ead3354564a06bebb40edb426ab00~mv2.webp | Z7: The Dream Silver / DRM 561M built by Golden West Homes offers 756 square feet of efficiently designed living space, featuring 2 bedrooms and 1 bathroom. This manufactured home combines functionality with style, providing an open layout ideal for comfortable living and private bedrooms that ensure a cozy retreat. The DRM 561M is a fantastic option for individuals or couples seeking a modern, compact home that balances convenience with warmth, making it perfect for those who value both practicality and comfort. | AA7: Additional Specs: In-Floor Waste Plumbing / Kiln Dried Framing Lumber / GFI Receptacle at all Wet Areas; Exterior Wall On Center: 16” O.C.; Exterior Wall Studs: 2'x6' Exterior Walls; Floor Decking: 19/32” OSB T&G Floor Decking; Floor Joists: 2x6 Floor Joists -16” O.C.; Roof Load: 30# Roof Load; Side Wall Height: 96” Sidewall (Flat Ceiling); Insulation (Floors): R-33; Insulation (Walls): R-21; Insulation (Ceiling): R-40 | AB7: Additional Specs: 2x8 Rough Sawn / Continuous Eave Soffit Venting / Ridge Style Roof Venting / Deadbolts on Front and Rear Doors; Front Door: 36” Front Doors; Rear Door: 36” Rear Doors; Roof Pitch: 3:12 (4:12 pitch single sections); Shingles: Architectural Shingles; Siding: LP Smart Panel Siding w/5/50 year warranty; Window Trim: 4” Window Trim; Window Type: Dual Pane Low-E Windows; Exterior Lighting: Porch Lights at each Exterior Entry; Front Rear Eaves: Exterior 14" Eaves Double wide, 6" Single wide; Exterior Outlets: Exterior 2 GFI Standard | AC7: Ceiling Texture: Brocade Style Ceiling Drywall Finish; Door Carpet Type: Entry Lino; Safety Alarms: Smoke Alarms, Bdrms & Living Areas; Window Type: Wood Window Interior Wrap / Egress Windows in all Bedrooms; Molding: Baseboard Molding in Lino Areas; Wall Finish: Tape and Texture Drywall Throughout / Square Sheetrock Corners; Interior Doors: 2-Panel Interior Doors; Carpet Type Or Grade: 5# Carpet Pad / New Wave 25oz Carpet | AD7: Electrical Service: 200 Amp Electrical Service; Electrical Wiring: All Copper Wiring; Furnace: Forced Air Elect Down Flow Furnace; Other: Receptacle at Fresh Water Inlet; Shut Off Valves Throughout: Whole House Shut-off Valve; Thermostat: EcoBee T-Stat; Washer Dryer Hook Up: Plumbed/Wire For Washer and Dryer; Water Heater: 40 Gallon Electric Water Heater; Water Shut Off Valves: Shut-Off Valves at Toilets & Sinks | AE7: Kitchen Sink: Kitchen Sink 8” Stainless Steel; Kitchen Refrigerator: Frigidaire 18 cu ft Refrigerator; Kitchen Range Type: Frigidaire Free Standing Range; Kitchen Range Hood: 30” Lighted Exhaust Fan over Range; Kitchen Lighting: Recessed Lights (Qty. Per Model); Kitchen Flooring: No-Wax Vinyl Flooring; Kitchen Faucets: Single Lever Faucet with Sprayer; Kitchen Countertops: Laminated Counter Tops / Crescent Edge T/Out; Kitchen Additional Specs: Fire Extinguisher Under Sink; Bathroom Sink: China Lavy Sinks; Bathroom Lighting: Recessed Lights (Per Model); Bathroom Flooring: No-Wax Vinyl Flooring; Bathroom Countertops: Laminated Counter Tops / Crescent Edge T/Out; Bathroom Faucets: Adjustable Shower Heads; Bathroom Fans: Exhaust Fans w/Light in each Bath; Bathroom Toilet Type: Elongated Toilets; Bathroom Bathtubs: 60” Fiberglass Tub/Shower in each Bath | AF7: Yes | AG7: Yes | AH7: Yes | AI7: =COUNTIF('Needs review'!$A:$A,B7) -> 0
A8: Dream Silver 402P | B8: gw-dream-silver-402p | C8: Golden West | D8: Dream Silver | E8: Standard | F8: Floorplan | G8: DRM 402P | I8: 2 | J8: 2 | K8: 800 | L8: 20 | M8: 40 | N8: Double | O8: 20' WIDE | P8: Yes | S8: =IF(COUNTA(U8:W8)>0,"Yes","No") -> No | T8: https://raw.githubusercontent.com/CadelMVH/Wix-Gallery-Downloads/main/DRM/402P.pdf | X8: https://static.wixstatic.com/media/866235_6b17783274284ee284b3af18c0ff5630~mv2.webp | Y8: https://static.wixstatic.com/media/866235_6b17783274284ee284b3af18c0ff5630~mv2.webp; https://static.wixstatic.com/media/866235_18f79ac33f7b4b3dad4f47a6354a4fa8~mv2.webp | Z8: The Dream Silver / DRM 402P built by Golden West Homes offers 800 square feet of carefully designed living space, featuring 2 bedrooms and 2 bathrooms. This manufactured home is ideal for those seeking a balance of style and function, with an open layout that maximizes comfort and private bedrooms that create a cozy retreat. The DRM 402P is a perfect choice for individuals or couples looking for a compact, modern home that combines practicality with a warm, inviting atmosphere, making it ideal for daily living or peaceful escapes. | AA8: Additional Specs: In-Floor Waste Plumbing / Kiln Dried Framing Lumber / GFI Receptacle at all Wet Areas; Exterior Wall On Center: 16” O.C.; Exterior Wall Studs: 2'x6' Exterior Walls; Floor Decking: 19/32” OSB T&G Floor Decking; Floor Joists: 2x6 Floor Joists -16” O.C.; Roof Load: 30# Roof Load; Side Wall Height: 96” Sidewall (Flat Ceiling); Insulation (Floors): R-33; Insulation (Walls): R-21; Insulation (Ceiling): R-40 | AB8: Additional Specs: 2x8 Rough Sawn / Continuous Eave Soffit Venting / Ridge Style Roof Venting / Deadbolts on Front and Rear Doors; Front Door: 36” Front Doors; Rear Door: 36” Rear Doors; Roof Pitch: 3:12 (4:12 pitch single sections); Shingles: Architectural Shingles; Siding: LP Smart Panel Siding w/5/50 year warranty; Window Trim: 4” Window Trim; Window Type: Dual Pane Low-E Windows; Exterior Lighting: Porch Lights at each Exterior Entry; Front Rear Eaves: Exterior 14" Eaves Double wide, 6" Single wide; Exterior Outlets: Exterior 2 GFI Standard | AC8: Ceiling Texture: Brocade Style Ceiling Drywall Finish; Door Carpet Type: Entry Lino; Safety Alarms: Smoke Alarms, Bdrms & Living Areas; Window Type: Wood Window Interior Wrap / Egress Windows in all Bedrooms; Molding: Baseboard Molding in Lino Areas; Wall Finish: Tape and Texture Drywall Throughout / Square Sheetrock Corners; Interior Doors: 2-Panel Interior Doors; Carpet Type Or Grade: 5# Carpet Pad / New Wave 25oz Carpet | AD8: Electrical Service: 200 Amp Electrical Service; Electrical Wiring: All Copper Wiring; Furnace: Forced Air Elect Down Flow Furnace; Other: Receptacle at Fresh Water Inlet; Shut Off Valves Throughout: Whole House Shut-off Valve; Thermostat: EcoBee T-Stat; Washer Dryer Hook Up: Plumbed/Wire For Washer and Dryer; Water Heater: 40 Gallon Electric Water Heater; Water Shut Off Valves: Shut-Off Valves at Toilets & Sinks | AE8: Kitchen Sink: Kitchen Sink 8” Stainless Steel; Kitchen Refrigerator: Frigidaire 18 cu ft Refrigerator; Kitchen Range Type: Frigidaire Free Standing Range; Kitchen Range Hood: 30” Lighted Exhaust Fan over Range; Kitchen Lighting: Recessed Lights (Qty. Per Model); Kitchen Flooring: No-Wax Vinyl Flooring; Kitchen Faucets: Single Lever Faucet with Sprayer; Kitchen Countertops: Laminated Counter Tops / Crescent Edge T/Out; Kitchen Additional Specs: Fire Extinguisher Under Sink; Bathroom Sink: China Lavy Sinks; Bathroom Lighting: Recessed Lights (Per Model); Bathroom Flooring: No-Wax Vinyl Flooring; Bathroom Countertops: Laminated Counter Tops / Crescent Edge T/Out; Bathroom Faucets: Adjustable Shower Heads; Bathroom Fans: Exhaust Fans w/Light in each Bath; Bathroom Toilet Type: Elongated Toilets; Bathroom Bathtubs: 60” Fiberglass Tub/Shower in each Bath | AF8: Yes | AG8: Yes | AH8: Yes | AI8: =COUNTIF('Needs review'!$A:$A,B8) -> 0
A9: Dream Silver 601M | B9: gw-dream-silver-601m | C9: Golden West | D9: Dream Silver | E9: Standard | F9: Floorplan | G9: DRM 601M | I9: 2 | J9: 2 | K9: 810 | L9: 14 | M9: 60 | N9: Single | O9: 13' 6" WIDE | P9: Yes | S9: =IF(COUNTA(U9:W9)>0,"Yes","No") -> Yes | T9: https://raw.githubusercontent.com/CadelMVH/Wix-Gallery-Downloads/main/DRM/601M.pdf | U9: https://momento360.com/e/uc/cfb0e6eec7534aa0b42e80ae49f4de3d | X9: https://static.wixstatic.com/media/866235_dbbdc0ecf3d240509760767069035fd9~mv2.webp | Y9: https://static.wixstatic.com/media/866235_dbbdc0ecf3d240509760767069035fd9~mv2.webp; https://static.wixstatic.com/media/866235_556c72e3dc8b45d484c129c3cb75bfdf~mv2.webp | Z9: The Dream Silver / DRM 601M built by Golden West Homes provides 810 square feet of efficiently planned living space, featuring 2 bedrooms and 2 bathrooms. This manufactured home is thoughtfully designed to maximize comfort in a compact layout, with open living areas that enhance social spaces and private bedrooms that offer a restful retreat. The DRM 601M is an ideal choice for those seeking a modern, streamlined home that combines practicality with a welcoming atmosphere for daily living or weekend escapes. | AA9: Additional Specs: In-Floor Waste Plumbing / Kiln Dried Framing Lumber / GFI Receptacle at all Wet Areas; Exterior Wall On Center: 16” O.C.; Exterior Wall Studs: 2'x6' Exterior Walls; Floor Decking: 19/32” OSB T&G Floor Decking; Floor Joists: 2x6 Floor Joists -16” O.C.; Roof Load: 30# Roof Load; Side Wall Height: 96” Sidewall (Flat Ceiling); Insulation (Floors): R-33; Insulation (Walls): R-21; Insulation (Ceiling): R-40 | AB9: Additional Specs: 2x8 Rough Sawn / Continuous Eave Soffit Venting / Ridge Style Roof Venting / Deadbolts on Front and Rear Doors; Front Door: 36” Front Doors; Rear Door: 36” Rear Doors; Roof Pitch: 3:12 (4:12 pitch single sections); Shingles: Architectural Shingles; Siding: LP Smart Panel Siding w/5/50 year warranty; Window Trim: 4” Window Trim; Window Type: Dual Pane Low-E Windows; Exterior Lighting: Porch Lights at each Exterior Entry; Front Rear Eaves: Exterior 14" Eaves Double wide, 6" Single wide; Exterior Outlets: Exterior 2 GFI Standard | AC9: Ceiling Texture: Brocade Style Ceiling Drywall Finish; Door Carpet Type: Entry Lino; Safety Alarms: Smoke Alarms, Bdrms & Living Areas; Window Type: Wood Window Interior Wrap / Egress Windows in all Bedrooms; Molding: Baseboard Molding in Lino Areas; Wall Finish: Tape and Texture Drywall Throughout / Square Sheetrock Corners; Interior Doors: 2-Panel Interior Doors; Carpet Type Or Grade: 5# Carpet Pad / New Wave 25oz Carpet | AD9: Electrical Service: 200 Amp Electrical Service; Electrical Wiring: All Copper Wiring; Furnace: Forced Air Elect Down Flow Furnace; Other: Receptacle at Fresh Water Inlet; Shut Off Valves Throughout: Whole House Shut-off Valve; Thermostat: EcoBee T-Stat; Washer Dryer Hook Up: Plumbed/Wire For Washer and Dryer; Water Heater: 40 Gallon Electric Water Heater; Water Shut Off Valves: Shut-Off Valves at Toilets & Sinks | AE9: Kitchen Sink: Kitchen Sink 8” Stainless Steel; Kitchen Refrigerator: Frigidaire 18 cu ft Refrigerator; Kitchen Range Type: Frigidaire Free Standing Range; Kitchen Range Hood: 30” Lighted Exhaust Fan over Range; Kitchen Lighting: Recessed Lights (Qty. Per Model); Kitchen Flooring: No-Wax Vinyl Flooring; Kitchen Faucets: Single Lever Faucet with Sprayer; Kitchen Countertops: Laminated Counter Tops / Crescent Edge T/Out; Kitchen Additional Specs: Fire Extinguisher Under Sink; Bathroom Sink: China Lavy Sinks; Bathroom Lighting: Recessed Lights (Per Model); Bathroom Flooring: No-Wax Vinyl Flooring; Bathroom Countertops: Laminated Counter Tops / Crescent Edge T/Out; Bathroom Faucets: Adjustable Shower Heads; Bathroom Fans: Exhaust Fans w/Light in each Bath; Bathroom Toilet Type: Elongated Toilets; Bathroom Bathtubs: 60” Fiberglass Tub/Shower in each Bath | AF9: Yes | AG9: Yes | AH9: Yes | AI9: =COUNTIF('Needs review'!$A:$A,B9) -> 0
A10: Dream Silver 562N | B10: gw-dream-silver-562n | C10: Golden West | D10: Dream Silver | E10: Standard | F10: Floorplan | G10: DRM 562N | I10: 2 | J10: 1 | K10: 840 | L10: 15 | M10: 56 | N10: Single | O10: 15' WIDE | P10: Yes | S10: =IF(COUNTA(U10:W10)>0,"Yes","No") -> No | T10: https://raw.githubusercontent.com/CadelMVH/Wix-Gallery-Downloads/main/DRM/562N.pdf | X10: https://static.wixstatic.com/media/866235_a149c26ce06a4dcfa651138c560a6a6d~mv2.webp | Y10: https://static.wixstatic.com/media/866235_a149c26ce06a4dcfa651138c560a6a6d~mv2.webp; https://static.wixstatic.com/media/866235_8c79f14b1671461bb8e64794a46fb548~mv2.webp | Z10: The Dream Silver / DRM 562N built by Golden West Homes offers 840 square feet of efficiently utilized living space, featuring 2 bedrooms and 1 bathroom. This manufactured home is crafted for those who value both style and simplicity, with an open layout that enhances a sense of spaciousness and private bedrooms that provide a cozy retreat. The DRM 562N is an ideal choice for individuals or couples seeking a modern, compact home that combines comfort and functionality for seamless daily living. | AA10: Additional Specs: In-Floor Waste Plumbing / Kiln Dried Framing Lumber / GFI Receptacle at all Wet Areas; Exterior Wall On Center: 16” O.C.; Exterior Wall Studs: 2'x6' Exterior Walls; Floor Decking: 19/32” OSB T&G Floor Decking; Floor Joists: 2x6 Floor Joists -16” O.C.; Roof Load: 30# Roof Load; Side Wall Height: 96” Sidewall (Flat Ceiling); Insulation (Floors): R-33; Insulation (Walls): R-21; Insulation (Ceiling): R-40 | AB10: Additional Specs: 2x8 Rough Sawn / Continuous Eave Soffit Venting / Ridge Style Roof Venting / Deadbolts on Front and Rear Doors; Front Door: 36” Front Doors; Rear Door: 36” Rear Doors; Roof Pitch: 3:12 (4:12 pitch single sections); Shingles: Architectural Shingles; Siding: LP Smart Panel Siding w/5/50 year warranty; Window Trim: 4” Window Trim; Window Type: Dual Pane Low-E Windows; Exterior Lighting: Porch Lights at each Exterior Entry; Front Rear Eaves: Exterior 14" Eaves Double wide, 6" Single wide; Exterior Outlets: Exterior 2 GFI Standard | AC10: Ceiling Texture: Brocade Style Ceiling Drywall Finish; Door Carpet Type: Entry Lino; Safety Alarms: Smoke Alarms, Bdrms & Living Areas; Window Type: Wood Window Interior Wrap / Egress Windows in all Bedrooms; Molding: Baseboard Molding in Lino Areas; Wall Finish: Tape and Texture Drywall Throughout / Square Sheetrock Corners; Interior Doors: 2-Panel Interior Doors; Carpet Type Or Grade: 5# Carpet Pad / New Wave 25oz Carpet | AD10: Electrical Service: 200 Amp Electrical Service; Electrical Wiring: All Copper Wiring; Furnace: Forced Air Elect Down Flow Furnace; Other: Receptacle at Fresh Water Inlet; Shut Off Valves Throughout: Whole House Shut-off Valve; Thermostat: EcoBee T-Stat; Washer Dryer Hook Up: Plumbed/Wire For Washer and Dryer; Water Heater: 40 Gallon Electric Water Heater; Water Shut Off Valves: Shut-Off Valves at Toilets & Sinks | AE10: Kitchen Sink: Kitchen Sink 8” Stainless Steel; Kitchen Refrigerator: Frigidaire 18 cu ft Refrigerator; Kitchen Range Type: Frigidaire Free Standing Range; Kitchen Range Hood: 30” Lighted Exhaust Fan over Range; Kitchen Lighting: Recessed Lights (Qty. Per Model); Kitchen Flooring: No-Wax Vinyl Flooring; Kitchen Faucets: Single Lever Faucet with Sprayer; Kitchen Countertops: Laminated Counter Tops / Crescent Edge T/Out; Kitchen Additional Specs: Fire Extinguisher Under Sink; Bathroom Sink: China Lavy Sinks; Bathroom Lighting: Recessed Lights (Per Model); Bathroom Flooring: No-Wax Vinyl Flooring; Bathroom Countertops: Laminated Counter Tops / Crescent Edge T/Out; Bathroom Faucets: Adjustable Shower Heads; Bathroom Fans: Exhaust Fans w/Light in each Bath; Bathroom Toilet Type: Elongated Toilets; Bathroom Bathtubs: 60” Fiberglass Tub/Shower in each Bath | AF10: Yes | AG10: Yes | AH10: Yes | AI10: =COUNTIF('Needs review'!$A:$A,B10) -> 0
A11: Dream Silver 363A | B11: gw-dream-silver-363a | C11: Golden West | D11: Dream Silver | E11: Standard | F11: Floorplan | G11: DRM 363A | I11: 3 | J11: 2 | K11: 864 | L11: 24 | M11: 68 | N11: Double | O11: 24' WIDE | P11: No | Q11: bed/bath data may be wrong - verify | S11: =IF(COUNTA(U11:W11)>0,"Yes","No") -> No | T11: https://raw.githubusercontent.com/CadelMVH/Wix-Gallery-Downloads/main/DRM/363A.pdf | X11: https://static.wixstatic.com/media/866235_69eafe1a8326447b8e91d7dd6b2d369a~mv2.webp | Y11: https://static.wixstatic.com/media/866235_69eafe1a8326447b8e91d7dd6b2d369a~mv2.webp; https://static.wixstatic.com/media/866235_9ce0f58f0a614007b6cfb3b51f93e4be~mv2.webp | Z11: The Dream Silver / DRM 683F built by Golden West Albany is a beautifully crafted manufactured home offering 3 bedrooms, 2 bathrooms, and 1836 square feet of living space designed for comfort and ease. From its warm layout to its thoughtfully arranged features, this home is perfect for families ready to settle into something special. The DRM 683F delivers everyday functionality with a homestyle charm you’ll feel the moment you walk in. | AA11: Additional Specs: In-Floor Waste Plumbing / Kiln Dried Framing Lumber / GFI Receptacle at all Wet Areas; Exterior Wall On Center: 16” O.C.; Exterior Wall Studs: 2'x6' Exterior Walls; Floor Decking: 19/32” OSB T&G Floor Decking; Floor Joists: 2x6 Floor Joists -16” O.C.; Roof Load: 30# Roof Load; Side Wall Height: 96” Sidewall (Flat Ceiling); Insulation (Floors): R-33; Insulation (Walls): R-21; Insulation (Ceiling): R-40 | AB11: Additional Specs: 2x8 Rough Sawn / Continuous Eave Soffit Venting / Ridge Style Roof Venting / Deadbolts on Front and Rear Doors; Front Door: 36” Front Doors; Rear Door: 36” Rear Doors; Roof Pitch: 3:12 (4:12 pitch single sections); Shingles: Architectural Shingles; Siding: LP Smart Panel Siding w/5/50 year warranty; Window Trim: 4” Window Trim; Window Type: Dual Pane Low-E Windows; Exterior Lighting: Porch Lights at each Exterior Entry; Front Rear Eaves: Exterior 14" Eaves Double wide, 6" Single wide; Exterior Outlets: Exterior 2 GFI Standard | AC11: Ceiling Texture: Brocade Style Ceiling Drywall Finish; Door Carpet Type: Entry Lino; Safety Alarms: Smoke Alarms, Bdrms & Living Areas; Window Type: Wood Window Interior Wrap / Egress Windows in all Bedrooms; Molding: Baseboard Molding in Lino Areas; Wall Finish: Tape and Texture Drywall Throughout / Square Sheetrock Corners; Interior Doors: 2-Panel Interior Doors; Carpet Type Or Grade: 5# Carpet Pad / New Wave 25oz Carpet | AD11: Electrical Service: 200 Amp Electrical Service; Electrical Wiring: All Copper Wiring; Furnace: Forced Air Elect Down Flow Furnace; Other: Receptacle at Fresh Water Inlet; Shut Off Valves Throughout: Whole House Shut-off Valve; Thermostat: EcoBee T-Stat; Washer Dryer Hook Up: Plumbed/Wire For Washer and Dryer; Water Heater: 40 Gallon Electric Water Heater; Water Shut Off Valves: Shut-Off Valves at Toilets & Sinks | AE11: Kitchen Sink: Kitchen Sink 8” Stainless Steel; Kitchen Refrigerator: Frigidaire 18 cu ft Refrigerator; Kitchen Range Type: Frigidaire Free Standing Range; Kitchen Range Hood: 30” Lighted Exhaust Fan over Range; Kitchen Lighting: Recessed Lights (Qty. Per Model); Kitchen Flooring: No-Wax Vinyl Flooring; Kitchen Faucets: Single Lever Faucet with Sprayer; Kitchen Countertops: Laminated Counter Tops / Crescent Edge T/Out; Kitchen Additional Specs: Fire Extinguisher Under Sink; Bathroom Sink: China Lavy Sinks; Bathroom Lighting: Recessed Lights (Per Model); Bathroom Flooring: No-Wax Vinyl Flooring; Bathroom Countertops: Laminated Counter Tops / Crescent Edge T/Out; Bathroom Faucets: Adjustable Shower Heads; Bathroom Fans: Exhaust Fans w/Light in each Bath; Bathroom Toilet Type: Elongated Toilets; Bathroom Bathtubs: 60” Fiberglass Tub/Shower in each Bath | AF11: Yes | AG11: Yes | AH11: Yes | AI11: =COUNTIF('Needs review'!$A:$A,B11) -> 2
A12: Dream Silver 661M | B12: gw-dream-silver-661m | C12: Golden West | D12: Dream Silver | E12: Standard | F12: Floorplan | G12: DRM 661M | I12: 2 | J12: 2 | K12: 891 | L12: 14 | M12: 66 | N12: Single | O12: 13' 6" WIDE | P12: Yes | S12: =IF(COUNTA(U12:W12)>0,"Yes","No") -> No | T12: https://raw.githubusercontent.com/CadelMVH/Wix-Gallery-Downloads/main/DRM/661M.pdf | X12: https://static.wixstatic.com/media/866235_b685f715d7c346afaf26417c5c170e3d~mv2.webp | Y12: https://static.wixstatic.com/media/866235_b685f715d7c346afaf26417c5c170e3d~mv2.webp; https://static.wixstatic.com/media/866235_2f52c4f341c845e38f25d0f0b63efe47~mv2.webp | Z12: The Dream Silver / DRM 661M built by Golden West Homes offers 891 square feet of well-planned living space, featuring 2 bedrooms and 2 bathrooms. This manufactured home blends comfort and efficiency, with an open layout that enhances everyday functionality and private bedrooms that provide a relaxing retreat. The DRM 661M is an ideal choice for individuals or couples seeking a modern, compact home that combines style with practical living, making it perfect for daily life or as a peaceful getaway. | AA12: Additional Specs: In-Floor Waste Plumbing / Kiln Dried Framing Lumber / GFI Receptacle at all Wet Areas; Exterior Wall On Center: 16” O.C.; Exterior Wall Studs: 2'x6' Exterior Walls; Floor Decking: 19/32” OSB T&G Floor Decking; Floor Joists: 2x6 Floor Joists -16” O.C.; Roof Load: 30# Roof Load; Side Wall Height: 96” Sidewall (Flat Ceiling); Insulation (Floors): R-33; Insulation (Walls): R-21; Insulation (Ceiling): R-40 | AB12: Additional Specs: 2x8 Rough Sawn / Continuous Eave Soffit Venting / Ridge Style Roof Venting / Deadbolts on Front and Rear Doors; Front Door: 36” Front Doors; Rear Door: 36” Rear Doors; Roof Pitch: 3:12 (4:12 pitch single sections); Shingles: Architectural Shingles; Siding: LP Smart Panel Siding w/5/50 year warranty; Window Trim: 4” Window Trim; Window Type: Dual Pane Low-E Windows; Exterior Lighting: Porch Lights at each Exterior Entry; Front Rear Eaves: Exterior 14" Eaves Double wide, 6" Single wide; Exterior Outlets: Exterior 2 GFI Standard | AC12: Ceiling Texture: Brocade Style Ceiling Drywall Finish; Door Carpet Type: Entry Lino; Safety Alarms: Smoke Alarms, Bdrms & Living Areas; Window Type: Wood Window Interior Wrap / Egress Windows in all Bedrooms; Molding: Baseboard Molding in Lino Areas; Wall Finish: Tape and Texture Drywall Throughout / Square Sheetrock Corners; Interior Doors: 2-Panel Interior Doors; Carpet Type Or Grade: 5# Carpet Pad / New Wave 25oz Carpet | AD12: Electrical Service: 200 Amp Electrical Service; Electrical Wiring: All Copper Wiring; Furnace: Forced Air Elect Down Flow Furnace; Other: Receptacle at Fresh Water Inlet; Shut Off Valves Throughout: Whole House Shut-off Valve; Thermostat: EcoBee T-Stat; Washer Dryer Hook Up: Plumbed/Wire For Washer and Dryer; Water Heater: 40 Gallon Electric Water Heater; Water Shut Off Valves: Shut-Off Valves at Toilets & Sinks | AE12: Kitchen Sink: Kitchen Sink 8” Stainless Steel; Kitchen Refrigerator: Frigidaire 18 cu ft Refrigerator; Kitchen Range Type: Frigidaire Free Standing Range; Kitchen Range Hood: 30” Lighted Exhaust Fan over Range; Kitchen Lighting: Recessed Lights (Qty. Per Model); Kitchen Flooring: No-Wax Vinyl Flooring; Kitchen Faucets: Single Lever Faucet with Sprayer; Kitchen Countertops: Laminated Counter Tops / Crescent Edge T/Out; Kitchen Additional Specs: Fire Extinguisher Under Sink; Bathroom Sink: China Lavy Sinks; Bathroom Lighting: Recessed Lights (Per Model); Bathroom Flooring: No-Wax Vinyl Flooring; Bathroom Countertops: Laminated Counter Tops / Crescent Edge T/Out; Bathroom Faucets: Adjustable Shower Heads; Bathroom Fans: Exhaust Fans w/Light in each Bath; Bathroom Toilet Type: Elongated Toilets; Bathroom Bathtubs: 60” Fiberglass Tub/Shower in each Bath | AF12: Yes | AG12: Yes | AH12: Yes | AI12: =COUNTIF('Needs review'!$A:$A,B12) -> 0
A13: Dream Silver 385A | B13: gw-dream-silver-385a | C13: Golden West | D13: Dream Silver | E13: Standard | F13: Floorplan | G13: DRM 385A | I13: 3 | J13: 2 | K13: 900 | L13: 24 | M13: 38 | N13: Double | O13: 24' WIDE | P13: Yes | S13: =IF(COUNTA(U13:W13)>0,"Yes","No") -> Yes | T13: https://raw.githubusercontent.com/CadelMVH/Wix-Gallery-Downloads/main/DRM/385A.pdf | U13: https://momento360.com/e/uc/2128a17170fe41f8b3daa22400de4938 | X13: https://static.wixstatic.com/media/866235_dfc262e6bbb543619c63f9b647ba1a75~mv2.webp | Y13: https://static.wixstatic.com/media/866235_dfc262e6bbb543619c63f9b647ba1a75~mv2.webp; https://static.wixstatic.com/media/866235_f8b0d01fbe8645bb8eaefcfbbef53e4b~mv2.webp | Z13: The Dream Silver / DRM 385A built by Golden West Homes provides 900 square feet of intelligently designed living space, featuring 3 bedrooms and 2 bathrooms. This manufactured home balances comfort and efficiency, with an open layout ideal for gatherings and private bedrooms that create a serene retreat. The DRM 385A is an excellent choice for families or individuals seeking a compact, modern home that combines functionality with a cozy ambiance, making it perfect for both everyday living and relaxing downtime. | AA13: Additional Specs: In-Floor Waste Plumbing / Kiln Dried Framing Lumber / GFI Receptacle at all Wet Areas; Exterior Wall On Center: 16” O.C.; Exterior Wall Studs: 2'x6' Exterior Walls; Floor Decking: 19/32” OSB T&G Floor Decking; Floor Joists: 2x6 Floor Joists -16” O.C.; Roof Load: 30# Roof Load; Side Wall Height: 96” Sidewall (Flat Ceiling); Insulation (Floors): R-33; Insulation (Walls): R-21; Insulation (Ceiling): R-40 | AB13: Additional Specs: 2x8 Rough Sawn / Continuous Eave Soffit Venting / Ridge Style Roof Venting / Deadbolts on Front and Rear Doors; Front Door: 36” Front Doors; Rear Door: 36” Rear Doors; Roof Pitch: 3:12 (4:12 pitch single sections); Shingles: Architectural Shingles; Siding: LP Smart Panel Siding w/5/50 year warranty; Window Trim: 4” Window Trim; Window Type: Dual Pane Low-E Windows; Exterior Lighting: Porch Lights at each Exterior Entry; Front Rear Eaves: Exterior 14" Eaves Double wide, 6" Single wide; Exterior Outlets: Exterior 2 GFI Standard | AC13: Ceiling Texture: Brocade Style Ceiling Drywall Finish; Door Carpet Type: Entry Lino; Safety Alarms: Smoke Alarms, Bdrms & Living Areas; Window Type: Wood Window Interior Wrap / Egress Windows in all Bedrooms; Molding: Baseboard Molding in Lino Areas; Wall Finish: Tape and Texture Drywall Throughout / Square Sheetrock Corners; Interior Doors: 2-Panel Interior Doors; Carpet Type Or Grade: 5# Carpet Pad / New Wave 25oz Carpet | AD13: Electrical Service: 200 Amp Electrical Service; Electrical Wiring: All Copper Wiring; Furnace: Forced Air Elect Down Flow Furnace; Other: Receptacle at Fresh Water Inlet; Shut Off Valves Throughout: Whole House Shut-off Valve; Thermostat: EcoBee T-Stat; Washer Dryer Hook Up: Plumbed/Wire For Washer and Dryer; Water Heater: 40 Gallon Electric Water Heater; Water Shut Off Valves: Shut-Off Valves at Toilets & Sinks | AE13: Kitchen Sink: Kitchen Sink 8” Stainless Steel; Kitchen Refrigerator: Frigidaire 18 cu ft Refrigerator; Kitchen Range Type: Frigidaire Free Standing Range; Kitchen Range Hood: 30” Lighted Exhaust Fan over Range; Kitchen Lighting: Recessed Lights (Qty. Per Model); Kitchen Flooring: No-Wax Vinyl Flooring; Kitchen Faucets: Single Lever Faucet with Sprayer; Kitchen Countertops: Laminated Counter Tops / Crescent Edge T/Out; Kitchen Additional Specs: Fire Extinguisher Under Sink; Bathroom Sink: China Lavy Sinks; Bathroom Lighting: Recessed Lights (Per Model); Bathroom Flooring: No-Wax Vinyl Flooring; Bathroom Countertops: Laminated Counter Tops / Crescent Edge T/Out; Bathroom Faucets: Adjustable Shower Heads; Bathroom Fans: Exhaust Fans w/Light in each Bath; Bathroom Toilet Type: Elongated Toilets; Bathroom Bathtubs: 60” Fiberglass Tub/Shower in each Bath | AF13: Yes | AG13: Yes | AH13: Yes | AI13: =COUNTIF('Needs review'!$A:$A,B13) -> 0
A14: Dream Silver 386A | B14: gw-dream-silver-386a | C14: Golden West | D14: Dream Silver | E14: Standard | F14: Floorplan | G14: DRM 386A | I14: 2 | J14: 2 | K14: 900 | L14: 24 | M14: 38 | N14: Double | O14: 24' WIDE | P14: Yes | S14: =IF(COUNTA(U14:W14)>0,"Yes","No") -> Yes | T14: https://raw.githubusercontent.com/CadelMVH/Wix-Gallery-Downloads/main/DRM/386A.pdf | U14: https://momento360.com/e/uc/b08b4aaad98e4b1b8b72195780ff60ea | X14: https://static.wixstatic.com/media/866235_b7f76a018500498982e7f2a372c55cde~mv2.webp | Y14: https://static.wixstatic.com/media/866235_b7f76a018500498982e7f2a372c55cde~mv2.webp; https://static.wixstatic.com/media/866235_243b68aba82943b3a7d39b1e3383dc83~mv2.webp | Z14: The Dream Silver / DRM 386A built by Golden West Homes offers 900 square feet of efficiently arranged living space, featuring 2 bedrooms and 2 bathrooms. This manufactured home is crafted for those who value both comfort and practicality, with an open layout ideal for socializing and private bedrooms that provide a peaceful escape. The DRM 386A is an excellent choice for individuals or couples seeking a modern, compact home that combines functionality with a warm, inviting atmosphere, perfect for everyday living or retreats. | AA14: Additional Specs: In-Floor Waste Plumbing / Kiln Dried Framing Lumber / GFI Receptacle at all Wet Areas; Exterior Wall On Center: 16” O.C.; Exterior Wall Studs: 2'x6' Exterior Walls; Floor Decking: 19/32” OSB T&G Floor Decking; Floor Joists: 2x6 Floor Joists -16” O.C.; Roof Load: 30# Roof Load; Side Wall Height: 96” Sidewall (Flat Ceiling); Insulation (Floors): R-33; Insulation (Walls): R-21; Insulation (Ceiling): R-40 | AB14: Additional Specs: 2x8 Rough Sawn / Continuous Eave Soffit Venting / Ridge Style Roof Venting / Deadbolts on Front and Rear Doors; Front Door: 36” Front Doors; Rear Door: 36” Rear Doors; Roof Pitch: 3:12 (4:12 pitch single sections); Shingles: Architectural Shingles; Siding: LP Smart Panel Siding w/5/50 year warranty; Window Trim: 4” Window Trim; Window Type: Dual Pane Low-E Windows; Exterior Lighting: Porch Lights at each Exterior Entry; Front Rear Eaves: Exterior 14" Eaves Double wide, 6" Single wide; Exterior Outlets: Exterior 2 GFI Standard | AC14: Ceiling Texture: Brocade Style Ceiling Drywall Finish; Door Carpet Type: Entry Lino; Safety Alarms: Smoke Alarms, Bdrms & Living Areas; Window Type: Wood Window Interior Wrap / Egress Windows in all Bedrooms; Molding: Baseboard Molding in Lino Areas; Wall Finish: Tape and Texture Drywall Throughout / Square Sheetrock Corners; Interior Doors: 2-Panel Interior Doors; Carpet Type Or Grade: 5# Carpet Pad / New Wave 25oz Carpet | AD14: Electrical Service: 200 Amp Electrical Service; Electrical Wiring: All Copper Wiring; Furnace: Forced Air Elect Down Flow Furnace; Other: Receptacle at Fresh Water Inlet; Shut Off Valves Throughout: Whole House Shut-off Valve; Thermostat: EcoBee T-Stat; Washer Dryer Hook Up: Plumbed/Wire For Washer and Dryer; Water Heater: 40 Gallon Electric Water Heater; Water Shut Off Valves: Shut-Off Valves at Toilets & Sinks | AE14: Kitchen Sink: Kitchen Sink 8” Stainless Steel; Kitchen Refrigerator: Frigidaire 18 cu ft Refrigerator; Kitchen Range Type: Frigidaire Free Standing Range; Kitchen Range Hood: 30” Lighted Exhaust Fan over Range; Kitchen Lighting: Recessed Lights (Qty. Per Model); Kitchen Flooring: No-Wax Vinyl Flooring; Kitchen Faucets: Single Lever Faucet with Sprayer; Kitchen Countertops: Laminated Counter Tops / Crescent Edge T/Out; Kitchen Additional Specs: Fire Extinguisher Under Sink; Bathroom Sink: China Lavy Sinks; Bathroom Lighting: Recessed Lights (Per Model); Bathroom Flooring: No-Wax Vinyl Flooring; Bathroom Countertops: Laminated Counter Tops / Crescent Edge T/Out; Bathroom Faucets: Adjustable Shower Heads; Bathroom Fans: Exhaust Fans w/Light in each Bath; Bathroom Toilet Type: Elongated Toilets; Bathroom Bathtubs: 60” Fiberglass Tub/Shower in each Bath | AF14: Yes | AG14: Yes | AH14: Yes | AI14: =COUNTIF('Needs review'!$A:$A,B14) -> 0
A15: Dream Silver 603N | B15: gw-dream-silver-603n | C15: Golden West | D15: Dream Silver | E15: Standard | F15: Floorplan | G15: DRM 603N | I15: 2 | J15: 2 | K15: 900 | L15: 15 | M15: 60 | N15: Single | O15: 15' WIDE | P15: Yes | S15: =IF(COUNTA(U15:W15)>0,"Yes","No") -> Yes | T15: https://raw.githubusercontent.com/CadelMVH/Wix-Gallery-Downloads/main/DRM/603N.pdf | U15: https://momento360.com/e/uc/8442f5c46b424cae9ee1f4ce2b146044 | X15: https://static.wixstatic.com/media/866235_27250ba3b3ac4027b7a1d3094b6c69be~mv2.webp | Y15: https://static.wixstatic.com/media/866235_27250ba3b3ac4027b7a1d3094b6c69be~mv2.webp; https://static.wixstatic.com/media/866235_6561c9c84e7b4e08bb56fc30728c6218~mv2.webp | Z15: The Dream Silver / DRM 603N built by Golden West Homes offers 900 square feet of well-arranged living space, featuring 2 bedrooms and 2 bathrooms. This manufactured home combines modern design with efficiency, providing open living areas that encourage connection and private bedrooms for a cozy retreat. The DRM 603N is an ideal choice for individuals or couples seeking a home that balances functionality with contemporary style, making it perfect for those who appreciate comfort and smart space planning. | AA15: Additional Specs: In-Floor Waste Plumbing / Kiln Dried Framing Lumber / GFI Receptacle at all Wet Areas; Exterior Wall On Center: 16” O.C.; Exterior Wall Studs: 2'x6' Exterior Walls; Floor Decking: 19/32” OSB T&G Floor Decking; Floor Joists: 2x6 Floor Joists -16” O.C.; Roof Load: 30# Roof Load; Side Wall Height: 96” Sidewall (Flat Ceiling); Insulation (Floors): R-33; Insulation (Walls): R-21; Insulation (Ceiling): R-40 | AB15: Additional Specs: 2x8 Rough Sawn / Continuous Eave Soffit Venting / Ridge Style Roof Venting / Deadbolts on Front and Rear Doors; Front Door: 36” Front Doors; Rear Door: 36” Rear Doors; Roof Pitch: 3:12 (4:12 pitch single sections); Shingles: Architectural Shingles; Siding: LP Smart Panel Siding w/5/50 year warranty; Window Trim: 4” Window Trim; Window Type: Dual Pane Low-E Windows; Exterior Lighting: Porch Lights at each Exterior Entry; Front Rear Eaves: Exterior 14" Eaves Double wide, 6" Single wide; Exterior Outlets: Exterior 2 GFI Standard | AC15: Ceiling Texture: Brocade Style Ceiling Drywall Finish; Door Carpet Type: Entry Lino; Safety Alarms: Smoke Alarms, Bdrms & Living Areas; Window Type: Wood Window Interior Wrap / Egress Windows in all Bedrooms; Molding: Baseboard Molding in Lino Areas; Wall Finish: Tape and Texture Drywall Throughout / Square Sheetrock Corners; Interior Doors: 2-Panel Interior Doors; Carpet Type Or Grade: 5# Carpet Pad / New Wave 25oz Carpet | AD15: Electrical Service: 200 Amp Electrical Service; Electrical Wiring: All Copper Wiring; Furnace: Forced Air Elect Down Flow Furnace; Other: Receptacle at Fresh Water Inlet; Shut Off Valves Throughout: Whole House Shut-off Valve; Thermostat: EcoBee T-Stat; Washer Dryer Hook Up: Plumbed/Wire For Washer and Dryer; Water Heater: 40 Gallon Electric Water Heater; Water Shut Off Valves: Shut-Off Valves at Toilets & Sinks | AE15: Kitchen Sink: Kitchen Sink 8” Stainless Steel; Kitchen Refrigerator: Frigidaire 18 cu ft Refrigerator; Kitchen Range Type: Frigidaire Free Standing Range; Kitchen Range Hood: 30” Lighted Exhaust Fan over Range; Kitchen Lighting: Recessed Lights (Qty. Per Model); Kitchen Flooring: No-Wax Vinyl Flooring; Kitchen Faucets: Single Lever Faucet with Sprayer; Kitchen Countertops: Laminated Counter Tops / Crescent Edge T/Out; Kitchen Additional Specs: Fire Extinguisher Under Sink; Bathroom Sink: China Lavy Sinks; Bathroom Lighting: Recessed Lights (Per Model); Bathroom Flooring: No-Wax Vinyl Flooring; Bathroom Countertops: Laminated Counter Tops / Crescent Edge T/Out; Bathroom Faucets: Adjustable Shower Heads; Bathroom Fans: Exhaust Fans w/Light in each Bath; Bathroom Toilet Type: Elongated Toilets; Bathroom Bathtubs: 60” Fiberglass Tub/Shower in each Bath | AF15: Yes | AG15: Yes | AH15: Yes | AI15: =COUNTIF('Needs review'!$A:$A,B15) -> 0
A16: Dream Silver 482P | B16: gw-dream-silver-482p | C16: Golden West | D16: Dream Silver | E16: Standard | F16: Floorplan | G16: DRM 482P | I16: 2 | J16: 2 | K16: 944 | L16: 20 | M16: 48 | N16: Double | O16: 20' WIDE | P16: Yes | S16: =IF(COUNTA(U16:W16)>0,"Yes","No") -> Yes | T16: https://raw.githubusercontent.com/CadelMVH/Wix-Gallery-Downloads/main/DRM/482P.pdf | U16: https://momento360.com/e/uc/1c413e5dd0664397a8dd40590bd8b233 | X16: https://static.wixstatic.com/media/866235_5dd103112ad2456783fbc9d3f61f0621~mv2.webp | Y16: https://static.wixstatic.com/media/866235_5dd103112ad2456783fbc9d3f61f0621~mv2.webp; https://static.wixstatic.com/media/866235_f658359cd0424ff592e889f79c97c3e8~mv2.webp | Z16: The Dream Silver / DRM 482P built by Golden West Homes provides 944 square feet of well-planned living space, featuring 2 bedrooms and 2 bathrooms. This manufactured home combines modern style with functionality, offering an open layout that promotes comfort and private bedrooms that create a relaxing retreat. The DRM 482P is an excellent choice for individuals or couples seeking a home that balances practicality and elegance, making it ideal for daily living or a weekend escape in a welcoming, compact design. | AA16: Additional Specs: In-Floor Waste Plumbing / Kiln Dried Framing Lumber / GFI Receptacle at all Wet Areas; Exterior Wall On Center: 16” O.C.; Exterior Wall Studs: 2'x6' Exterior Walls; Floor Decking: 19/32” OSB T&G Floor Decking; Floor Joists: 2x6 Floor Joists -16” O.C.; Roof Load: 30# Roof Load; Side Wall Height: 96” Sidewall (Flat Ceiling); Insulation (Floors): R-33; Insulation (Walls): R-21; Insulation (Ceiling): R-40 | AB16: Additional Specs: 2x8 Rough Sawn / Continuous Eave Soffit Venting / Ridge Style Roof Venting / Deadbolts on Front and Rear Doors; Front Door: 36” Front Doors; Rear Door: 36” Rear Doors; Roof Pitch: 3:12 (4:12 pitch single sections); Shingles: Architectural Shingles; Siding: LP Smart Panel Siding w/5/50 year warranty; Window Trim: 4” Window Trim; Window Type: Dual Pane Low-E Windows; Exterior Lighting: Porch Lights at each Exterior Entry; Front Rear Eaves: Exterior 14" Eaves Double wide, 6" Single wide; Exterior Outlets: Exterior 2 GFI Standard | AC16: Ceiling Texture: Brocade Style Ceiling Drywall Finish; Door Carpet Type: Entry Lino; Safety Alarms: Smoke Alarms, Bdrms & Living Areas; Window Type: Wood Window Interior Wrap / Egress Windows in all Bedrooms; Molding: Baseboard Molding in Lino Areas; Wall Finish: Tape and Texture Drywall Throughout / Square Sheetrock Corners; Interior Doors: 2-Panel Interior Doors; Carpet Type Or Grade: 5# Carpet Pad / New Wave 25oz Carpet | AD16: Electrical Service: 200 Amp Electrical Service; Electrical Wiring: All Copper Wiring; Furnace: Forced Air Elect Down Flow Furnace; Other: Receptacle at Fresh Water Inlet; Shut Off Valves Throughout: Whole House Shut-off Valve; Thermostat: EcoBee T-Stat; Washer Dryer Hook Up: Plumbed/Wire For Washer and Dryer; Water Heater: 40 Gallon Electric Water Heater; Water Shut Off Valves: Shut-Off Valves at Toilets & Sinks | AE16: Kitchen Sink: Kitchen Sink 8” Stainless Steel; Kitchen Refrigerator: Frigidaire 18 cu ft Refrigerator; Kitchen Range Type: Frigidaire Free Standing Range; Kitchen Range Hood: 30” Lighted Exhaust Fan over Range; Kitchen Lighting: Recessed Lights (Qty. Per Model); Kitchen Flooring: No-Wax Vinyl Flooring; Kitchen Faucets: Single Lever Faucet with Sprayer; Kitchen Countertops: Laminated Counter Tops / Crescent Edge T/Out; Kitchen Additional Specs: Fire Extinguisher Under Sink; Bathroom Sink: China Lavy Sinks; Bathroom Lighting: Recessed Lights (Per Model); Bathroom Flooring: No-Wax Vinyl Flooring; Bathroom Countertops: Laminated Counter Tops / Crescent Edge T/Out; Bathroom Faucets: Adjustable Shower Heads; Bathroom Fans: Exhaust Fans w/Light in each Bath; Bathroom Toilet Type: Elongated Toilets; Bathroom Bathtubs: 60” Fiberglass Tub/Shower in each Bath | AF16: Yes | AG16: Yes | AH16: Yes | AI16: =COUNTIF('Needs review'!$A:$A,B16) -> 0
A17: Dream Silver 661N | B17: gw-dream-silver-661n | C17: Golden West | D17: Dream Silver | E17: Standard | F17: Floorplan | G17: DRM 661N | I17: 3 | J17: 2 | K17: 990 | L17: 15 | M17: 66 | N17: Single | O17: 15' WIDE | P17: Yes | S17: =IF(COUNTA(U17:W17)>0,"Yes","No") -> No | T17: https://raw.githubusercontent.com/CadelMVH/Wix-Gallery-Downloads/main/DRM/661N.pdf | X17: https://static.wixstatic.com/media/866235_a6425f2216844998bb718f82066184c6~mv2.webp | Y17: https://static.wixstatic.com/media/866235_a6425f2216844998bb718f82066184c6~mv2.webp; https://static.wixstatic.com/media/866235_a6a04ee745b241699e201541bd9d7cc3~mv2.webp | Z17: The Dream Silver / DRM 661N built by Golden West Homes provides 990 square feet of smartly designed living space, featuring 3 bedrooms and 2 bathrooms. This manufactured home offers a functional layout that maximizes each area, with open living spaces for gatherings and private bedrooms that provide a cozy retreat. The DRM 661N is a perfect choice for families or individuals looking for a compact home that combines modern design with practical amenities, creating an inviting atmosphere for comfortable daily living. | AA17: Additional Specs: In-Floor Waste Plumbing / Kiln Dried Framing Lumber / GFI Receptacle at all Wet Areas; Exterior Wall On Center: 16” O.C.; Exterior Wall Studs: 2'x6' Exterior Walls; Floor Decking: 19/32” OSB T&G Floor Decking; Floor Joists: 2x6 Floor Joists -16” O.C.; Roof Load: 30# Roof Load; Side Wall Height: 96” Sidewall (Flat Ceiling); Insulation (Floors): R-33; Insulation (Walls): R-21; Insulation (Ceiling): R-40 | AB17: Additional Specs: 2x8 Rough Sawn / Continuous Eave Soffit Venting / Ridge Style Roof Venting / Deadbolts on Front and Rear Doors; Front Door: 36” Front Doors; Rear Door: 36” Rear Doors; Roof Pitch: 3:12 (4:12 pitch single sections); Shingles: Architectural Shingles; Siding: LP Smart Panel Siding w/5/50 year warranty; Window Trim: 4” Window Trim; Window Type: Dual Pane Low-E Windows; Exterior Lighting: Porch Lights at each Exterior Entry; Front Rear Eaves: Exterior 14" Eaves Double wide, 6" Single wide; Exterior Outlets: Exterior 2 GFI Standard | AC17: Ceiling Texture: Brocade Style Ceiling Drywall Finish; Door Carpet Type: Entry Lino; Safety Alarms: Smoke Alarms, Bdrms & Living Areas; Window Type: Wood Window Interior Wrap / Egress Windows in all Bedrooms; Molding: Baseboard Molding in Lino Areas; Wall Finish: Tape and Texture Drywall Throughout / Square Sheetrock Corners; Interior Doors: 2-Panel Interior Doors; Carpet Type Or Grade: 5# Carpet Pad / New Wave 25oz Carpet | AD17: Electrical Service: 200 Amp Electrical Service; Electrical Wiring: All Copper Wiring; Furnace: Forced Air Elect Down Flow Furnace; Other: Receptacle at Fresh Water Inlet; Shut Off Valves Throughout: Whole House Shut-off Valve; Thermostat: EcoBee T-Stat; Washer Dryer Hook Up: Plumbed/Wire For Washer and Dryer; Water Heater: 40 Gallon Electric Water Heater; Water Shut Off Valves: Shut-Off Valves at Toilets & Sinks | AE17: Kitchen Sink: Kitchen Sink 8” Stainless Steel; Kitchen Refrigerator: Frigidaire 18 cu ft Refrigerator; Kitchen Range Type: Frigidaire Free Standing Range; Kitchen Range Hood: 30” Lighted Exhaust Fan over Range; Kitchen Lighting: Recessed Lights (Qty. Per Model); Kitchen Flooring: No-Wax Vinyl Flooring; Kitchen Faucets: Single Lever Faucet with Sprayer; Kitchen Countertops: Laminated Counter Tops / Crescent Edge T/Out; Kitchen Additional Specs: Fire Extinguisher Under Sink; Bathroom Sink: China Lavy Sinks; Bathroom Lighting: Recessed Lights (Per Model); Bathroom Flooring: No-Wax Vinyl Flooring; Bathroom Countertops: Laminated Counter Tops / Crescent Edge T/Out; Bathroom Faucets: Adjustable Shower Heads; Bathroom Fans: Exhaust Fans w/Light in each Bath; Bathroom Toilet Type: Elongated Toilets; Bathroom Bathtubs: 60” Fiberglass Tub/Shower in each Bath | AF17: Yes | AG17: Yes | AH17: Yes | AI17: =COUNTIF('Needs review'!$A:$A,B17) -> 0
A18: Dream Silver 561P | B18: gw-dream-silver-561p | C18: Golden West | D18: Dream Silver | E18: Standard | F18: Floorplan | G18: DRM 561P | I18: 3 | J18: 2 | K18: 1101 | L18: 20 | M18: 56 | N18: Double | O18: 20' WIDE | P18: Yes | S18: =IF(COUNTA(U18:W18)>0,"Yes","No") -> No | T18: https://raw.githubusercontent.com/CadelMVH/Wix-Gallery-Downloads/main/DRM/561P.pdf | X18: https://static.wixstatic.com/media/866235_466e8cab1f1946009f423e22df7eca62~mv2.webp | Y18: https://static.wixstatic.com/media/866235_466e8cab1f1946009f423e22df7eca62~mv2.webp; https://static.wixstatic.com/media/866235_24957a5f79ee4f36b4d4959473516789~mv2.webp | Z18: The Dream Silver / DRM 561P built by Golden West Albany offers 3 bedrooms, 2 bathrooms, and 1,102 square feet of smartly planned living space. An open main area welcomes gatherings, while private bedrooms give everyone room to breathe. Everyday chores feel easier, evenings feel cozier, and weekends stretch a little longer. Built with Golden West craftsmanship, energy-smart features, and a layout that fits real Midwestern living. The DRM 561P is ready to be loved. | AA18: Additional Specs: In-Floor Waste Plumbing / Kiln Dried Framing Lumber / GFI Receptacle at all Wet Areas; Exterior Wall On Center: 16” O.C.; Exterior Wall Studs: 2'x6' Exterior Walls; Floor Decking: 19/32” OSB T&G Floor Decking; Floor Joists: 2x6 Floor Joists -16” O.C.; Roof Load: 30# Roof Load; Side Wall Height: 96” Sidewall (Flat Ceiling); Insulation (Floors): R-33; Insulation (Walls): R-21; Insulation (Ceiling): R-40 | AB18: Additional Specs: 2x8 Rough Sawn / Continuous Eave Soffit Venting / Ridge Style Roof Venting / Deadbolts on Front and Rear Doors; Front Door: 36” Front Doors; Rear Door: 36” Rear Doors; Roof Pitch: 3:12 (4:12 pitch single sections); Shingles: Architectural Shingles; Siding: LP Smart Panel Siding w/5/50 year warranty; Window Trim: 4” Window Trim; Window Type: Dual Pane Low-E Windows; Exterior Lighting: Porch Lights at each Exterior Entry; Front Rear Eaves: Exterior 14" Eaves Double wide, 6" Single wide; Exterior Outlets: Exterior 2 GFI Standard | AC18: Ceiling Texture: Brocade Style Ceiling Drywall Finish; Door Carpet Type: Entry Lino; Safety Alarms: Smoke Alarms, Bdrms & Living Areas; Window Type: Wood Window Interior Wrap / Egress Windows in all Bedrooms; Molding: Baseboard Molding in Lino Areas; Wall Finish: Tape and Texture Drywall Throughout / Square Sheetrock Corners; Interior Doors: 2-Panel Interior Doors; Carpet Type Or Grade: 5# Carpet Pad / New Wave 25oz Carpet | AD18: Electrical Service: 200 Amp Electrical Service; Electrical Wiring: All Copper Wiring; Furnace: Forced Air Elect Down Flow Furnace; Other: Receptacle at Fresh Water Inlet; Shut Off Valves Throughout: Whole House Shut-off Valve; Thermostat: EcoBee T-Stat; Washer Dryer Hook Up: Plumbed/Wire For Washer and Dryer; Water Heater: 40 Gallon Electric Water Heater; Water Shut Off Valves: Shut-Off Valves at Toilets & Sinks | AE18: Kitchen Sink: Kitchen Sink 8” Stainless Steel; Kitchen Refrigerator: Frigidaire 18 cu ft Refrigerator; Kitchen Range Type: Frigidaire Free Standing Range; Kitchen Range Hood: 30” Lighted Exhaust Fan over Range; Kitchen Lighting: Recessed Lights (Qty. Per Model); Kitchen Flooring: No-Wax Vinyl Flooring; Kitchen Faucets: Single Lever Faucet with Sprayer; Kitchen Countertops: Laminated Counter Tops / Crescent Edge T/Out; Kitchen Additional Specs: Fire Extinguisher Under Sink; Bathroom Sink: China Lavy Sinks; Bathroom Lighting: Recessed Lights (Per Model); Bathroom Flooring: No-Wax Vinyl Flooring; Bathroom Countertops: Laminated Counter Tops / Crescent Edge T/Out; Bathroom Faucets: Adjustable Shower Heads; Bathroom Fans: Exhaust Fans w/Light in each Bath; Bathroom Toilet Type: Elongated Toilets; Bathroom Bathtubs: 60” Fiberglass Tub/Shower in each Bath | AF18: Yes | AG18: Yes | AH18: Yes | AI18: =COUNTIF('Needs review'!$A:$A,B18) -> 0
A19: Dream Silver 482A | B19: gw-dream-silver-482a | C19: Golden West | D19: Dream Silver | E19: Standard | F19: Floorplan | G19: DRM 482A | I19: 2 | J19: 2 | K19: 1152 | L19: 24 | M19: 48 | N19: Double | O19: 24' WIDE | P19: Yes | S19: =IF(COUNTA(U19:W19)>0,"Yes","No") -> No | T19: https://raw.githubusercontent.com/CadelMVH/Wix-Gallery-Downloads/main/DRM/482A.pdf | X19: https://static.wixstatic.com/media/866235_98567c7f28004e72962866f2939b2308~mv2.webp | Y19: https://static.wixstatic.com/media/866235_98567c7f28004e72962866f2939b2308~mv2.webp; https://static.wixstatic.com/media/866235_abccb74bd3f54a1d9d44d2a5d7832158~mv2.webp | Z19: The Dream Silver / DRM 482A built by Golden West Homes delivers 1,152 square feet of thoughtfully arranged living space, featuring 2 bedrooms and 2 bathrooms. This manufactured home is crafted for those who enjoy a blend of style and ease, with open areas that create a sense of spaciousness and private bedrooms offering a serene retreat. The DRM 482A is an excellent choice for individuals or couples looking for a contemporary design that fosters a cozy yet refined environment for comfortable living. | AA19: Additional Specs: In-Floor Waste Plumbing / Kiln Dried Framing Lumber / GFI Receptacle at all Wet Areas; Exterior Wall On Center: 16” O.C.; Exterior Wall Studs: 2'x6' Exterior Walls; Floor Decking: 19/32” OSB T&G Floor Decking; Floor Joists: 2x6 Floor Joists -16” O.C.; Roof Load: 30# Roof Load; Side Wall Height: 96” Sidewall (Flat Ceiling); Insulation (Floors): R-33; Insulation (Walls): R-21; Insulation (Ceiling): R-40 | AB19: Additional Specs: 2x8 Rough Sawn / Continuous Eave Soffit Venting / Ridge Style Roof Venting / Deadbolts on Front and Rear Doors; Front Door: 36” Front Doors; Rear Door: 36” Rear Doors; Roof Pitch: 3:12 (4:12 pitch single sections); Shingles: Architectural Shingles; Siding: LP Smart Panel Siding w/5/50 year warranty; Window Trim: 4” Window Trim; Window Type: Dual Pane Low-E Windows; Exterior Lighting: Porch Lights at each Exterior Entry; Front Rear Eaves: Exterior 14" Eaves Double wide, 6" Single wide; Exterior Outlets: Exterior 2 GFI Standard | AC19: Ceiling Texture: Brocade Style Ceiling Drywall Finish; Door Carpet Type: Entry Lino; Safety Alarms: Smoke Alarms, Bdrms & Living Areas; Window Type: Wood Window Interior Wrap / Egress Windows in all Bedrooms; Molding: Baseboard Molding in Lino Areas; Wall Finish: Tape and Texture Drywall Throughout / Square Sheetrock Corners; Interior Doors: 2-Panel Interior Doors; Carpet Type Or Grade: 5# Carpet Pad / New Wave 25oz Carpet | AD19: Electrical Service: 200 Amp Electrical Service; Electrical Wiring: All Copper Wiring; Furnace: Forced Air Elect Down Flow Furnace; Other: Receptacle at Fresh Water Inlet; Shut Off Valves Throughout: Whole House Shut-off Valve; Thermostat: EcoBee T-Stat; Washer Dryer Hook Up: Plumbed/Wire For Washer and Dryer; Water Heater: 40 Gallon Electric Water Heater; Water Shut Off Valves: Shut-Off Valves at Toilets & Sinks | AE19: Kitchen Sink: Kitchen Sink 8” Stainless Steel; Kitchen Refrigerator: Frigidaire 18 cu ft Refrigerator; Kitchen Range Type: Frigidaire Free Standing Range; Kitchen Range Hood: 30” Lighted Exhaust Fan over Range; Kitchen Lighting: Recessed Lights (Qty. Per Model); Kitchen Flooring: No-Wax Vinyl Flooring; Kitchen Faucets: Single Lever Faucet with Sprayer; Kitchen Countertops: Laminated Counter Tops / Crescent Edge T/Out; Kitchen Additional Specs: Fire Extinguisher Under Sink; Bathroom Sink: China Lavy Sinks; Bathroom Lighting: Recessed Lights (Per Model); Bathroom Flooring: No-Wax Vinyl Flooring; Bathroom Countertops: Laminated Counter Tops / Crescent Edge T/Out; Bathroom Faucets: Adjustable Shower Heads; Bathroom Fans: Exhaust Fans w/Light in each Bath; Bathroom Toilet Type: Elongated Toilets; Bathroom Bathtubs: 60” Fiberglass Tub/Shower in each Bath | AF19: Yes | AG19: Yes | AH19: Yes | AI19: =COUNTIF('Needs review'!$A:$A,B19) -> 0
A20: Dream Silver 502A | B20: gw-dream-silver-502a | C20: Golden West | D20: Dream Silver | E20: Standard | F20: Floorplan | G20: DRM 502A | I20: 2 | J20: 2 | K20: 1176 | L20: 24 | M20: 50 | N20: Double | O20: 24' WIDE | P20: Yes | S20: =IF(COUNTA(U20:W20)>0,"Yes","No") -> No | T20: https://raw.githubusercontent.com/CadelMVH/Wix-Gallery-Downloads/main/DRM/502A.pdf | X20: https://static.wixstatic.com/media/866235_144f064e62e74133bbdd7816d9780446~mv2.webp | Y20: https://static.wixstatic.com/media/866235_144f064e62e74133bbdd7816d9780446~mv2.webp; https://static.wixstatic.com/media/866235_d53c673821f54949a6cf7643a5c48891~mv2.webp | Z20: The Dream Silver / DRM 502A built by Golden West Homes offers 1,176 square feet of refined living space, featuring 2 bedrooms and 2 bathrooms. This manufactured home combines function with elegance, showcasing open living areas that invite connection and private bedrooms that provide a restful escape. The DRM 502A is a superb choice for those seeking a contemporary home that enhances daily living with an effortless blend of comfort and modern design, making it ideal for either cozy getaways or extended stays. | AA20: Additional Specs: In-Floor Waste Plumbing / Kiln Dried Framing Lumber / GFI Receptacle at all Wet Areas; Exterior Wall On Center: 16” O.C.; Exterior Wall Studs: 2'x6' Exterior Walls; Floor Decking: 19/32” OSB T&G Floor Decking; Floor Joists: 2x6 Floor Joists -16” O.C.; Roof Load: 30# Roof Load; Side Wall Height: 96” Sidewall (Flat Ceiling); Insulation (Floors): R-33; Insulation (Walls): R-21; Insulation (Ceiling): R-40 | AB20: Additional Specs: 2x8 Rough Sawn / Continuous Eave Soffit Venting / Ridge Style Roof Venting / Deadbolts on Front and Rear Doors; Front Door: 36” Front Doors; Rear Door: 36” Rear Doors; Roof Pitch: 3:12 (4:12 pitch single sections); Shingles: Architectural Shingles; Siding: LP Smart Panel Siding w/5/50 year warranty; Window Trim: 4” Window Trim; Window Type: Dual Pane Low-E Windows; Exterior Lighting: Porch Lights at each Exterior Entry; Front Rear Eaves: Exterior 14" Eaves Double wide, 6" Single wide; Exterior Outlets: Exterior 2 GFI Standard | AC20: Ceiling Texture: Brocade Style Ceiling Drywall Finish; Door Carpet Type: Entry Lino; Safety Alarms: Smoke Alarms, Bdrms & Living Areas; Window Type: Wood Window Interior Wrap / Egress Windows in all Bedrooms; Molding: Baseboard Molding in Lino Areas; Wall Finish: Tape and Texture Drywall Throughout / Square Sheetrock Corners; Interior Doors: 2-Panel Interior Doors; Carpet Type Or Grade: 5# Carpet Pad / New Wave 25oz Carpet | AD20: Electrical Service: 200 Amp Electrical Service; Electrical Wiring: All Copper Wiring; Furnace: Forced Air Elect Down Flow Furnace; Other: Receptacle at Fresh Water Inlet; Shut Off Valves Throughout: Whole House Shut-off Valve; Thermostat: EcoBee T-Stat; Washer Dryer Hook Up: Plumbed/Wire For Washer and Dryer; Water Heater: 40 Gallon Electric Water Heater; Water Shut Off Valves: Shut-Off Valves at Toilets & Sinks | AE20: Kitchen Sink: Kitchen Sink 8” Stainless Steel; Kitchen Refrigerator: Frigidaire 18 cu ft Refrigerator; Kitchen Range Type: Frigidaire Free Standing Range; Kitchen Range Hood: 30” Lighted Exhaust Fan over Range; Kitchen Lighting: Recessed Lights (Qty. Per Model); Kitchen Flooring: No-Wax Vinyl Flooring; Kitchen Faucets: Single Lever Faucet with Sprayer; Kitchen Countertops: Laminated Counter Tops / Crescent Edge T/Out; Kitchen Additional Specs: Fire Extinguisher Under Sink; Bathroom Sink: China Lavy Sinks; Bathroom Lighting: Recessed Lights (Per Model); Bathroom Flooring: No-Wax Vinyl Flooring; Bathroom Countertops: Laminated Counter Tops / Crescent Edge T/Out; Bathroom Faucets: Adjustable Shower Heads; Bathroom Fans: Exhaust Fans w/Light in each Bath; Bathroom Toilet Type: Elongated Toilets; Bathroom Bathtubs: 60” Fiberglass Tub/Shower in each Bath | AF20: Yes | AG20: Yes | AH20: Yes | AI20: =COUNTIF('Needs review'!$A:$A,B20) -> 1
A21: Dream Silver 443F | B21: gw-dream-silver-443f | C21: Golden West | D21: Dream Silver | E21: Standard | F21: Floorplan | G21: DRM 443F | I21: 3 | J21: 2 | K21: 1188 | L21: 27 | M21: 44 | N21: Double | O21: 27' WIDE | P21: Yes | S21: =IF(COUNTA(U21:W21)>0,"Yes","No") -> Yes | T21: https://raw.githubusercontent.com/CadelMVH/Wix-Gallery-Downloads/main/DRM/443F.pdf | U21: https://momento360.com/e/uc/dcf2cb5b5927410db6ecea9d8b2daa2a | X21: https://static.wixstatic.com/media/866235_1329ef1ffdc743a3814cd4bcc5de1b53~mv2.webp | Y21: https://static.wixstatic.com/media/866235_1329ef1ffdc743a3814cd4bcc5de1b53~mv2.webp; https://static.wixstatic.com/media/866235_4cb38bd03c2140be9268b4a835efe88c~mv2.webp | Z21: The Dream Silver / DRM 443F built by Golden West Homes offers 1,188 square feet of thoughtfully crafted living space, featuring 3 bedrooms and 2 bathrooms. This manufactured home is designed for both functionality and comfort, with open areas that promote togetherness and private bedrooms that offer a cozy retreat. The DRM 443F is an ideal choice for families or individuals seeking a home that balances modern style with everyday convenience, making it perfect for those who value both practicality and comfort. | AA21: Additional Specs: In-Floor Waste Plumbing / Kiln Dried Framing Lumber / GFI Receptacle at all Wet Areas; Exterior Wall On Center: 16” O.C.; Exterior Wall Studs: 2'x6' Exterior Walls; Floor Decking: 19/32” OSB T&G Floor Decking; Floor Joists: 2x6 Floor Joists -16” O.C.; Roof Load: 30# Roof Load; Side Wall Height: 96” Sidewall (Flat Ceiling); Insulation (Floors): R-33; Insulation (Walls): R-21; Insulation (Ceiling): R-40 | AB21: Additional Specs: 2x8 Rough Sawn / Continuous Eave Soffit Venting / Ridge Style Roof Venting / Deadbolts on Front and Rear Doors; Front Door: 36” Front Doors; Rear Door: 36” Rear Doors; Roof Pitch: 3:12 (4:12 pitch single sections); Shingles: Architectural Shingles; Siding: LP Smart Panel Siding w/5/50 year warranty; Window Trim: 4” Window Trim; Window Type: Dual Pane Low-E Windows; Exterior Lighting: Porch Lights at each Exterior Entry; Front Rear Eaves: Exterior 14" Eaves Double wide, 6" Single wide; Exterior Outlets: Exterior 2 GFI Standard | AC21: Ceiling Texture: Brocade Style Ceiling Drywall Finish; Door Carpet Type: Entry Lino; Safety Alarms: Smoke Alarms, Bdrms & Living Areas; Window Type: Wood Window Interior Wrap / Egress Windows in all Bedrooms; Molding: Baseboard Molding in Lino Areas; Wall Finish: Tape and Texture Drywall Throughout / Square Sheetrock Corners; Interior Doors: 2-Panel Interior Doors; Carpet Type Or Grade: 5# Carpet Pad / New Wave 25oz Carpet | AD21: Electrical Service: 200 Amp Electrical Service; Electrical Wiring: All Copper Wiring; Furnace: Forced Air Elect Down Flow Furnace; Other: Receptacle at Fresh Water Inlet; Shut Off Valves Throughout: Whole House Shut-off Valve; Thermostat: EcoBee T-Stat; Washer Dryer Hook Up: Plumbed/Wire For Washer and Dryer; Water Heater: 40 Gallon Electric Water Heater; Water Shut Off Valves: Shut-Off Valves at Toilets & Sinks | AE21: Kitchen Sink: Kitchen Sink 8” Stainless Steel; Kitchen Refrigerator: Frigidaire 18 cu ft Refrigerator; Kitchen Range Type: Frigidaire Free Standing Range; Kitchen Range Hood: 30” Lighted Exhaust Fan over Range; Kitchen Lighting: Recessed Lights (Qty. Per Model); Kitchen Flooring: No-Wax Vinyl Flooring; Kitchen Faucets: Single Lever Faucet with Sprayer; Kitchen Countertops: Laminated Counter Tops / Crescent Edge T/Out; Kitchen Additional Specs: Fire Extinguisher Under Sink; Bathroom Sink: China Lavy Sinks; Bathroom Lighting: Recessed Lights (Per Model); Bathroom Flooring: No-Wax Vinyl Flooring; Bathroom Countertops: Laminated Counter Tops / Crescent Edge T/Out; Bathroom Faucets: Adjustable Shower Heads; Bathroom Fans: Exhaust Fans w/Light in each Bath; Bathroom Toilet Type: Elongated Toilets; Bathroom Bathtubs: 60” Fiberglass Tub/Shower in each Bath | AF21: Yes | AG21: Yes | AH21: Yes | AI21: =COUNTIF('Needs review'!$A:$A,B21) -> 0
A22: Dream Silver 444F | B22: gw-dream-silver-444f | C22: Golden West | D22: Dream Silver | E22: Standard | F22: Floorplan | G22: DRM 444F | I22: 2 | J22: 2 | K22: 1188 | L22: 27 | M22: 44 | N22: Double | O22: 27' WIDE | P22: Yes | S22: =IF(COUNTA(U22:W22)>0,"Yes","No") -> Yes | T22: https://raw.githubusercontent.com/CadelMVH/Wix-Gallery-Downloads/main/DRM/444F.pdf | U22: https://momento360.com/e/uc/f865f382a1a44c43b7c6dd002a2ed81d | X22: https://static.wixstatic.com/media/866235_597e4439424e4553abfcc3d934e1e9e4~mv2.webp | Y22: https://static.wixstatic.com/media/866235_597e4439424e4553abfcc3d934e1e9e4~mv2.webp; https://static.wixstatic.com/media/866235_9c107852d38041fc9031382821c35a01~mv2.webp | Z22: The Dream Silver / DRM 444F built by Golden West Homes offers 1,188 square feet of well-designed living space, featuring 2 bedrooms and 2 bathrooms. This manufactured home combines efficiency with comfort, providing open living areas that enhance everyday ease and private bedrooms that create a peaceful retreat. The DRM 444F is an excellent choice for those seeking a home that balances style and functionality, making it ideal for couples or individuals looking for modern convenience with a cozy feel. | AA22: Additional Specs: In-Floor Waste Plumbing / Kiln Dried Framing Lumber / GFI Receptacle at all Wet Areas; Exterior Wall On Center: 16” O.C.; Exterior Wall Studs: 2'x6' Exterior Walls; Floor Decking: 19/32” OSB T&G Floor Decking; Floor Joists: 2x6 Floor Joists -16” O.C.; Roof Load: 30# Roof Load; Side Wall Height: 96” Sidewall (Flat Ceiling); Insulation (Floors): R-33; Insulation (Walls): R-21; Insulation (Ceiling): R-40 | AB22: Additional Specs: 2x8 Rough Sawn / Continuous Eave Soffit Venting / Ridge Style Roof Venting / Deadbolts on Front and Rear Doors; Front Door: 36” Front Doors; Rear Door: 36” Rear Doors; Roof Pitch: 3:12 (4:12 pitch single sections); Shingles: Architectural Shingles; Siding: LP Smart Panel Siding w/5/50 year warranty; Window Trim: 4” Window Trim; Window Type: Dual Pane Low-E Windows; Exterior Lighting: Porch Lights at each Exterior Entry; Front Rear Eaves: Exterior 14" Eaves Double wide, 6" Single wide; Exterior Outlets: Exterior 2 GFI Standard | AC22: Ceiling Texture: Brocade Style Ceiling Drywall Finish; Door Carpet Type: Entry Lino; Safety Alarms: Smoke Alarms, Bdrms & Living Areas; Window Type: Wood Window Interior Wrap / Egress Windows in all Bedrooms; Molding: Baseboard Molding in Lino Areas; Wall Finish: Tape and Texture Drywall Throughout / Square Sheetrock Corners; Interior Doors: 2-Panel Interior Doors; Carpet Type Or Grade: 5# Carpet Pad / New Wave 25oz Carpet | AD22: Electrical Service: 200 Amp Electrical Service; Electrical Wiring: All Copper Wiring; Furnace: Forced Air Elect Down Flow Furnace; Other: Receptacle at Fresh Water Inlet; Shut Off Valves Throughout: Whole House Shut-off Valve; Thermostat: EcoBee T-Stat; Washer Dryer Hook Up: Plumbed/Wire For Washer and Dryer; Water Heater: 40 Gallon Electric Water Heater; Water Shut Off Valves: Shut-Off Valves at Toilets & Sinks | AE22: Kitchen Sink: Kitchen Sink 8” Stainless Steel; Kitchen Refrigerator: Frigidaire 18 cu ft Refrigerator; Kitchen Range Type: Frigidaire Free Standing Range; Kitchen Range Hood: 30” Lighted Exhaust Fan over Range; Kitchen Lighting: Recessed Lights (Qty. Per Model); Kitchen Flooring: No-Wax Vinyl Flooring; Kitchen Faucets: Single Lever Faucet with Sprayer; Kitchen Countertops: Laminated Counter Tops / Crescent Edge T/Out; Kitchen Additional Specs: Fire Extinguisher Under Sink; Bathroom Sink: China Lavy Sinks; Bathroom Lighting: Recessed Lights (Per Model); Bathroom Flooring: No-Wax Vinyl Flooring; Bathroom Countertops: Laminated Counter Tops / Crescent Edge T/Out; Bathroom Faucets: Adjustable Shower Heads; Bathroom Fans: Exhaust Fans w/Light in each Bath; Bathroom Toilet Type: Elongated Toilets; Bathroom Bathtubs: 60” Fiberglass Tub/Shower in each Bath | AF22: Yes | AG22: Yes | AH22: Yes | AI22: =COUNTIF('Needs review'!$A:$A,B22) -> 0
A23: Dream Silver 481F | B23: gw-dream-silver-481f | C23: Golden West | D23: Dream Silver | E23: Standard | F23: Floorplan | G23: DRM 481F | I23: 3 | J23: 2 | K23: 1296 | L23: 27 | M23: 48 | N23: Double | O23: 27' WIDE | P23: Yes | S23: =IF(COUNTA(U23:W23)>0,"Yes","No") -> Yes | T23: https://raw.githubusercontent.com/CadelMVH/Wix-Gallery-Downloads/main/DRM/481F.pdf | U23: https://momento360.com/e/uc/91287de309b44319b0bac9b8bcad160b | X23: https://static.wixstatic.com/media/866235_f385a22079664842a10eef63ef9ccb26~mv2.webp | Y23: https://static.wixstatic.com/media/866235_f385a22079664842a10eef63ef9ccb26~mv2.webp; https://static.wixstatic.com/media/866235_d6e97c4202874a63a3b0847f730de216~mv2.webp | Z23: The Dream Silver / DRM 481F built by Golden West Homes provides 1,296 square feet of thoughtfully arranged living space, featuring 3 bedrooms and 2 bathrooms. This manufactured home is designed to enhance both comfort and functionality, with open areas perfect for gatherings and private bedrooms that offer a restful retreat. The DRM 481F is an excellent choice for families or individuals seeking a home that blends modern design with practical features, creating a welcoming environment for daily living. | AA23: Additional Specs: In-Floor Waste Plumbing / Kiln Dried Framing Lumber / GFI Receptacle at all Wet Areas; Exterior Wall On Center: 16” O.C.; Exterior Wall Studs: 2'x6' Exterior Walls; Floor Decking: 19/32” OSB T&G Floor Decking; Floor Joists: 2x6 Floor Joists -16” O.C.; Roof Load: 30# Roof Load; Side Wall Height: 96” Sidewall (Flat Ceiling); Insulation (Floors): R-33; Insulation (Walls): R-21; Insulation (Ceiling): R-40 | AB23: Additional Specs: 2x8 Rough Sawn / Continuous Eave Soffit Venting / Ridge Style Roof Venting / Deadbolts on Front and Rear Doors; Front Door: 36” Front Doors; Rear Door: 36” Rear Doors; Roof Pitch: 3:12 (4:12 pitch single sections); Shingles: Architectural Shingles; Siding: LP Smart Panel Siding w/5/50 year warranty; Window Trim: 4” Window Trim; Window Type: Dual Pane Low-E Windows; Exterior Lighting: Porch Lights at each Exterior Entry; Front Rear Eaves: Exterior 14" Eaves Double wide, 6" Single wide; Exterior Outlets: Exterior 2 GFI Standard | AC23: Ceiling Texture: Brocade Style Ceiling Drywall Finish; Door Carpet Type: Entry Lino; Safety Alarms: Smoke Alarms, Bdrms & Living Areas; Window Type: Wood Window Interior Wrap / Egress Windows in all Bedrooms; Molding: Baseboard Molding in Lino Areas; Wall Finish: Tape and Texture Drywall Throughout / Square Sheetrock Corners; Interior Doors: 2-Panel Interior Doors; Carpet Type Or Grade: 5# Carpet Pad / New Wave 25oz Carpet | AD23: Electrical Service: 200 Amp Electrical Service; Electrical Wiring: All Copper Wiring; Furnace: Forced Air Elect Down Flow Furnace; Other: Receptacle at Fresh Water Inlet; Shut Off Valves Throughout: Whole House Shut-off Valve; Thermostat: EcoBee T-Stat; Washer Dryer Hook Up: Plumbed/Wire For Washer and Dryer; Water Heater: 40 Gallon Electric Water Heater; Water Shut Off Valves: Shut-Off Valves at Toilets & Sinks | AE23: Kitchen Sink: Kitchen Sink 8” Stainless Steel; Kitchen Refrigerator: Frigidaire 18 cu ft Refrigerator; Kitchen Range Type: Frigidaire Free Standing Range; Kitchen Range Hood: 30” Lighted Exhaust Fan over Range; Kitchen Lighting: Recessed Lights (Qty. Per Model); Kitchen Flooring: No-Wax Vinyl Flooring; Kitchen Faucets: Single Lever Faucet with Sprayer; Kitchen Countertops: Laminated Counter Tops / Crescent Edge T/Out; Kitchen Additional Specs: Fire Extinguisher Under Sink; Bathroom Sink: China Lavy Sinks; Bathroom Lighting: Recessed Lights (Per Model); Bathroom Flooring: No-Wax Vinyl Flooring; Bathroom Countertops: Laminated Counter Tops / Crescent Edge T/Out; Bathroom Faucets: Adjustable Shower Heads; Bathroom Fans: Exhaust Fans w/Light in each Bath; Bathroom Toilet Type: Elongated Toilets; Bathroom Bathtubs: 60” Fiberglass Tub/Shower in each Bath | AF23: Yes | AG23: Yes | AH23: Yes | AI23: =COUNTIF('Needs review'!$A:$A,B23) -> 0
A24: Dream Silver 482F | B24: gw-dream-silver-482f | C24: Golden West | D24: Dream Silver | E24: Standard | F24: Floorplan | G24: DRM 482F | I24: 3 | J24: 2 | K24: 1296 | L24: 27 | M24: 48 | N24: Double | O24: 27' WIDE | P24: Yes | S24: =IF(COUNTA(U24:W24)>0,"Yes","No") -> Yes | T24: https://raw.githubusercontent.com/CadelMVH/Wix-Gallery-Downloads/main/DRM/482F.pdf | U24: https://momento360.com/e/uc/2e2d721215c24680b460d2971ffe136b | V24: https://my.matterport.com/show/?play=1&m=EosaVzfgrms | X24: https://static.wixstatic.com/media/866235_c8fa507510714c96b93c9a7d4974b211~mv2.png | Y24: https://static.wixstatic.com/media/866235_c8fa507510714c96b93c9a7d4974b211~mv2.png; https://static.wixstatic.com/media/866235_36dab4a7a84e42419166e96f7ae8db55~mv2.webp; https://static.wixstatic.com/media/866235_c9c89019d9074e9eb5032bbe11c46383~mv2.jpg; https://static.wixstatic.com/media/866235_f6cd9033724e4b5296134201780b07b1~mv2.jpg; https://static.wixstatic.com/media/866235_6b5ae15ea63248158a48d17132edcedb~mv2.jpg; https://static.wixstatic.com/media/866235_8a5587fffcf2438f80250e9cdfe9e554~mv2.jpg; https://static.wixstatic.com/media/866235_c1d1c9feee674a529eae5f9c06e458be~mv2.jpg; https://static.wixstatic.com/media/866235_f2a9b16da37e4dd19bbe7b2d2a82d41e~mv2.jpg; https://static.wixstatic.com/media/866235_244554b963b44b02ad43f5598d9332b2~mv2.jpg | Z24: The Dream Silver / DRM 482F built by Golden West Homes provides 1,296 square feet of carefully designed living space, featuring 3 bedrooms and 2 bathrooms. This manufactured home balances comfort with efficiency, offering open living areas ideal for family gatherings and private bedrooms that create a restful retreat. The DRM 482F is an excellent choice for individuals or families looking for a modern, functional home that combines practicality with a warm, welcoming atmosphere, supporting everyday living. | AA24: Additional Specs: In-Floor Waste Plumbing / Kiln Dried Framing Lumber / GFI Receptacle at all Wet Areas; Exterior Wall On Center: 16” O.C.; Exterior Wall Studs: 2'x6' Exterior Walls; Floor Decking: 19/32” OSB T&G Floor Decking; Floor Joists: 2x6 Floor Joists -16” O.C.; Roof Load: 30# Roof Load; Side Wall Height: 96” Sidewall (Flat Ceiling); Insulation (Floors): R-33; Insulation (Walls): R-21; Insulation (Ceiling): R-40 | AB24: Additional Specs: 2x8 Rough Sawn / Continuous Eave Soffit Venting / Ridge Style Roof Venting / Deadbolts on Front and Rear Doors; Front Door: 36” Front Doors; Rear Door: 36” Rear Doors; Roof Pitch: 3:12 (4:12 pitch single sections); Shingles: Architectural Shingles; Siding: LP Smart Panel Siding w/5/50 year warranty; Window Trim: 4” Window Trim; Window Type: Dual Pane Low-E Windows; Exterior Lighting: Porch Lights at each Exterior Entry; Front Rear Eaves: Exterior 14" Eaves Double wide, 6" Single wide; Exterior Outlets: Exterior 2 GFI Standard | AC24: Ceiling Texture: Brocade Style Ceiling Drywall Finish; Door Carpet Type: Entry Lino; Safety Alarms: Smoke Alarms, Bdrms & Living Areas; Window Type: Wood Window Interior Wrap / Egress Windows in all Bedrooms; Molding: Baseboard Molding in Lino Areas; Wall Finish: Tape and Texture Drywall Throughout / Square Sheetrock Corners; Interior Doors: 2-Panel Interior Doors; Carpet Type Or Grade: 5# Carpet Pad / New Wave 25oz Carpet | AD24: Electrical Service: 200 Amp Electrical Service; Electrical Wiring: All Copper Wiring; Furnace: Forced Air Elect Down Flow Furnace; Other: Receptacle at Fresh Water Inlet; Shut Off Valves Throughout: Whole House Shut-off Valve; Thermostat: EcoBee T-Stat; Washer Dryer Hook Up: Plumbed/Wire For Washer and Dryer; Water Heater: 40 Gallon Electric Water Heater; Water Shut Off Valves: Shut-Off Valves at Toilets & Sinks | AE24: Kitchen Sink: Kitchen Sink 8” Stainless Steel; Kitchen Refrigerator: Frigidaire 18 cu ft Refrigerator; Kitchen Range Type: Frigidaire Free Standing Range; Kitchen Range Hood: 30” Lighted Exhaust Fan over Range; Kitchen Lighting: Recessed Lights (Qty. Per Model); Kitchen Flooring: No-Wax Vinyl Flooring; Kitchen Faucets: Single Lever Faucet with Sprayer; Kitchen Countertops: Laminated Counter Tops / Crescent Edge T/Out; Kitchen Additional Specs: Fire Extinguisher Under Sink; Bathroom Sink: China Lavy Sinks; Bathroom Lighting: Recessed Lights (Per Model); Bathroom Flooring: No-Wax Vinyl Flooring; Bathroom Countertops: Laminated Counter Tops / Crescent Edge T/Out; Bathroom Faucets: Adjustable Shower Heads; Bathroom Fans: Exhaust Fans w/Light in each Bath; Bathroom Toilet Type: Elongated Toilets; Bathroom Bathtubs: 60” Fiberglass Tub/Shower in each Bath | AF24: Yes | AG24: Yes | AH24: Yes | AI24: =COUNTIF('Needs review'!$A:$A,B24) -> 0
A25: Dream Silver 483F | B25: gw-dream-silver-483f | C25: Golden West | D25: Dream Silver | E25: Standard | F25: Floorplan | G25: DRM 483F | I25: 3 | J25: 2 | K25: 1296 | L25: 27 | M25: 48 | N25: Double | O25: 27' WIDE | P25: Yes | S25: =IF(COUNTA(U25:W25)>0,"Yes","No") -> Yes | T25: https://raw.githubusercontent.com/CadelMVH/Wix-Gallery-Downloads/main/DRM/483F.pdf | U25: https://momento360.com/e/uc/6db23a925a50418495b52cd4d89c0d49 | X25: https://static.wixstatic.com/media/866235_a022aa501eb34ae5a806fcb5b6f4a318~mv2.webp | Y25: https://static.wixstatic.com/media/866235_a022aa501eb34ae5a806fcb5b6f4a318~mv2.webp; https://static.wixstatic.com/media/866235_741e71f3b9f7496f88255727cef27d1d~mv2.webp | Z25: The Dream Silver / DRM 483F built by Golden West Homes offers 1,296 square feet of well-planned living space, featuring 3 bedrooms and 2 bathrooms. This manufactured home is crafted for those who appreciate functionality and comfort, with open living areas that foster togetherness and private bedrooms that provide a serene escape. The DRM 483F is an excellent choice for families or individuals seeking a contemporary home that balances style and practicality, making everyday life both comfortable and enjoyable. | AA25: Additional Specs: In-Floor Waste Plumbing / Kiln Dried Framing Lumber / GFI Receptacle at all Wet Areas; Exterior Wall On Center: 16” O.C.; Exterior Wall Studs: 2'x6' Exterior Walls; Floor Decking: 19/32” OSB T&G Floor Decking; Floor Joists: 2x6 Floor Joists -16” O.C.; Roof Load: 30# Roof Load; Side Wall Height: 96” Sidewall (Flat Ceiling); Insulation (Floors): R-33; Insulation (Walls): R-21; Insulation (Ceiling): R-40 | AB25: Additional Specs: 2x8 Rough Sawn / Continuous Eave Soffit Venting / Ridge Style Roof Venting / Deadbolts on Front and Rear Doors; Front Door: 36” Front Doors; Rear Door: 36” Rear Doors; Roof Pitch: 3:12 (4:12 pitch single sections); Shingles: Architectural Shingles; Siding: LP Smart Panel Siding w/5/50 year warranty; Window Trim: 4” Window Trim; Window Type: Dual Pane Low-E Windows; Exterior Lighting: Porch Lights at each Exterior Entry; Front Rear Eaves: Exterior 14" Eaves Double wide, 6" Single wide; Exterior Outlets: Exterior 2 GFI Standard | AC25: Ceiling Texture: Brocade Style Ceiling Drywall Finish; Door Carpet Type: Entry Lino; Safety Alarms: Smoke Alarms, Bdrms & Living Areas; Window Type: Wood Window Interior Wrap / Egress Windows in all Bedrooms; Molding: Baseboard Molding in Lino Areas; Wall Finish: Tape and Texture Drywall Throughout / Square Sheetrock Corners; Interior Doors: 2-Panel Interior Doors; Carpet Type Or Grade: 5# Carpet Pad / New Wave 25oz Carpet | AD25: Electrical Service: 200 Amp Electrical Service; Electrical Wiring: All Copper Wiring; Furnace: Forced Air Elect Down Flow Furnace; Other: Receptacle at Fresh Water Inlet; Shut Off Valves Throughout: Whole House Shut-off Valve; Thermostat: EcoBee T-Stat; Washer Dryer Hook Up: Plumbed/Wire For Washer and Dryer; Water Heater: 40 Gallon Electric Water Heater; Water Shut Off Valves: Shut-Off Valves at Toilets & Sinks | AE25: Kitchen Sink: Kitchen Sink 8” Stainless Steel; Kitchen Refrigerator: Frigidaire 18 cu ft Refrigerator; Kitchen Range Type: Frigidaire Free Standing Range; Kitchen Range Hood: 30” Lighted Exhaust Fan over Range; Kitchen Lighting: Recessed Lights (Qty. Per Model); Kitchen Flooring: No-Wax Vinyl Flooring; Kitchen Faucets: Single Lever Faucet with Sprayer; Kitchen Countertops: Laminated Counter Tops / Crescent Edge T/Out; Kitchen Additional Specs: Fire Extinguisher Under Sink; Bathroom Sink: China Lavy Sinks; Bathroom Lighting: Recessed Lights (Per Model); Bathroom Flooring: No-Wax Vinyl Flooring; Bathroom Countertops: Laminated Counter Tops / Crescent Edge T/Out; Bathroom Faucets: Adjustable Shower Heads; Bathroom Fans: Exhaust Fans w/Light in each Bath; Bathroom Toilet Type: Elongated Toilets; Bathroom Bathtubs: 60” Fiberglass Tub/Shower in each Bath | AF25: Yes | AG25: Yes | AH25: Yes | AI25: =COUNTIF('Needs review'!$A:$A,B25) -> 0
A26: Dream Silver 484F | B26: gw-dream-silver-484f | C26: Golden West | D26: Dream Silver | E26: Standard | F26: Floorplan | G26: DRM 484F | I26: 4 | J26: 2 | K26: 1296 | L26: 27 | M26: 48 | N26: Double | O26: 27' WIDE | P26: Yes | S26: =IF(COUNTA(U26:W26)>0,"Yes","No") -> Yes | T26: https://raw.githubusercontent.com/CadelMVH/Wix-Gallery-Downloads/main/DRM/484F.pdf | U26: https://momento360.com/e/uc/7b5a0f38c0594437add076317ffd389c | X26: https://static.wixstatic.com/media/866235_62cac18684d94ffca229f7d3d4e5483d~mv2.webp | Y26: https://static.wixstatic.com/media/866235_62cac18684d94ffca229f7d3d4e5483d~mv2.webp; https://static.wixstatic.com/media/866235_244f9391e0b0432595c55c12b3cdea40~mv2.webp | Z26: The Dream Silver / DRM 484F built by Golden West Albany offers 4 bedrooms, 2 bathrooms, and 1296 square feet of thoughtfully arranged living space. From the inviting main living area to the generously sized bedrooms, this home brings comfort and practicality together in one cozy package. Perfect for families looking to settle into a welcoming space, The DRM 484F is a home that feels just right from the moment you walk through the door. | AA26: Additional Specs: In-Floor Waste Plumbing / Kiln Dried Framing Lumber / GFI Receptacle at all Wet Areas; Exterior Wall On Center: 16” O.C.; Exterior Wall Studs: 2'x6' Exterior Walls; Floor Decking: 19/32” OSB T&G Floor Decking; Floor Joists: 2x6 Floor Joists -16” O.C.; Roof Load: 30# Roof Load; Side Wall Height: 96” Sidewall (Flat Ceiling); Insulation (Floors): R-33; Insulation (Walls): R-21; Insulation (Ceiling): R-40 | AB26: Additional Specs: 2x8 Rough Sawn / Continuous Eave Soffit Venting / Ridge Style Roof Venting / Deadbolts on Front and Rear Doors; Front Door: 36” Front Doors; Rear Door: 36” Rear Doors; Roof Pitch: 3:12 (4:12 pitch single sections); Shingles: Architectural Shingles; Siding: LP Smart Panel Siding w/5/50 year warranty; Window Trim: 4” Window Trim; Window Type: Dual Pane Low-E Windows; Exterior Lighting: Porch Lights at each Exterior Entry; Front Rear Eaves: Exterior 14" Eaves Double wide, 6" Single wide; Exterior Outlets: Exterior 2 GFI Standard | AC26: Ceiling Texture: Brocade Style Ceiling Drywall Finish; Door Carpet Type: Entry Lino; Safety Alarms: Smoke Alarms, Bdrms & Living Areas; Window Type: Wood Window Interior Wrap / Egress Windows in all Bedrooms; Molding: Baseboard Molding in Lino Areas; Wall Finish: Tape and Texture Drywall Throughout / Square Sheetrock Corners; Interior Doors: 2-Panel Interior Doors; Carpet Type Or Grade: 5# Carpet Pad / New Wave 25oz Carpet | AD26: Electrical Service: 200 Amp Electrical Service; Electrical Wiring: All Copper Wiring; Furnace: Forced Air Elect Down Flow Furnace; Other: Receptacle at Fresh Water Inlet; Shut Off Valves Throughout: Whole House Shut-off Valve; Thermostat: EcoBee T-Stat; Washer Dryer Hook Up: Plumbed/Wire For Washer and Dryer; Water Heater: 40 Gallon Electric Water Heater; Water Shut Off Valves: Shut-Off Valves at Toilets & Sinks | AE26: Kitchen Sink: Kitchen Sink 8” Stainless Steel; Kitchen Refrigerator: Frigidaire 18 cu ft Refrigerator; Kitchen Range Type: Frigidaire Free Standing Range; Kitchen Range Hood: 30” Lighted Exhaust Fan over Range; Kitchen Lighting: Recessed Lights (Qty. Per Model); Kitchen Flooring: No-Wax Vinyl Flooring; Kitchen Faucets: Single Lever Faucet with Sprayer; Kitchen Countertops: Laminated Counter Tops / Crescent Edge T/Out; Kitchen Additional Specs: Fire Extinguisher Under Sink; Bathroom Sink: China Lavy Sinks; Bathroom Lighting: Recessed Lights (Per Model); Bathroom Flooring: No-Wax Vinyl Flooring; Bathroom Countertops: Laminated Counter Tops / Crescent Edge T/Out; Bathroom Faucets: Adjustable Shower Heads; Bathroom Fans: Exhaust Fans w/Light in each Bath; Bathroom Toilet Type: Elongated Toilets; Bathroom Bathtubs: 60” Fiberglass Tub/Shower in each Bath | AF26: Yes | AG26: Yes | AH26: Yes | AI26: =COUNTIF('Needs review'!$A:$A,B26) -> 1
A27: Dream Silver 486F | B27: gw-dream-silver-486f | C27: Golden West | D27: Dream Silver | E27: Standard | F27: Floorplan | G27: DRM 486F | I27: 4 | J27: 2 | K27: 1296 | L27: 27 | M27: 48 | N27: Double | O27: 27' WIDE | P27: Yes | S27: =IF(COUNTA(U27:W27)>0,"Yes","No") -> Yes | T27: https://raw.githubusercontent.com/CadelMVH/Wix-Gallery-Downloads/main/DRM/486F.pdf | U27: https://momento360.com/e/uc/4fbe3373569f4c368e32657c702ffd8e | X27: https://static.wixstatic.com/media/866235_142468fc12ad416ab8647bcd1536443b~mv2.webp | Y27: https://static.wixstatic.com/media/866235_142468fc12ad416ab8647bcd1536443b~mv2.webp; https://static.wixstatic.com/media/866235_2ad9b38cb83f4e75b655273fbd54b722~mv2.webp | Z27: The Dream Silver / DRM 486F built by Golden West Homes provides 1,296 square feet of efficiently designed living space, featuring 4 bedrooms and 2 bathrooms. This manufactured home blends comfort with practicality, offering open areas perfect for family gatherings and private bedrooms that ensure a cozy retreat. The DRM 486F is an excellent choice for families or individuals looking for a modern, compact home that balances functionality with a warm and inviting atmosphere for everyday living. | AA27: Additional Specs: In-Floor Waste Plumbing / Kiln Dried Framing Lumber / GFI Receptacle at all Wet Areas; Exterior Wall On Center: 16” O.C.; Exterior Wall Studs: 2'x6' Exterior Walls; Floor Decking: 19/32” OSB T&G Floor Decking; Floor Joists: 2x6 Floor Joists -16” O.C.; Roof Load: 30# Roof Load; Side Wall Height: 96” Sidewall (Flat Ceiling); Insulation (Floors): R-33; Insulation (Walls): R-21; Insulation (Ceiling): R-40 | AB27: Additional Specs: 2x8 Rough Sawn / Continuous Eave Soffit Venting / Ridge Style Roof Venting / Deadbolts on Front and Rear Doors; Front Door: 36” Front Doors; Rear Door: 36” Rear Doors; Roof Pitch: 3:12 (4:12 pitch single sections); Shingles: Architectural Shingles; Siding: LP Smart Panel Siding w/5/50 year warranty; Window Trim: 4” Window Trim; Window Type: Dual Pane Low-E Windows; Exterior Lighting: Porch Lights at each Exterior Entry; Front Rear Eaves: Exterior 14" Eaves Double wide, 6" Single wide; Exterior Outlets: Exterior 2 GFI Standard | AC27: Ceiling Texture: Brocade Style Ceiling Drywall Finish; Door Carpet Type: Entry Lino; Safety Alarms: Smoke Alarms, Bdrms & Living Areas; Window Type: Wood Window Interior Wrap / Egress Windows in all Bedrooms; Molding: Baseboard Molding in Lino Areas; Wall Finish: Tape and Texture Drywall Throughout / Square Sheetrock Corners; Interior Doors: 2-Panel Interior Doors; Carpet Type Or Grade: 5# Carpet Pad / New Wave 25oz Carpet | AD27: Electrical Service: 200 Amp Electrical Service; Electrical Wiring: All Copper Wiring; Furnace: Forced Air Elect Down Flow Furnace; Other: Receptacle at Fresh Water Inlet; Shut Off Valves Throughout: Whole House Shut-off Valve; Thermostat: EcoBee T-Stat; Washer Dryer Hook Up: Plumbed/Wire For Washer and Dryer; Water Heater: 40 Gallon Electric Water Heater; Water Shut Off Valves: Shut-Off Valves at Toilets & Sinks | AE27: Kitchen Sink: Kitchen Sink 8” Stainless Steel; Kitchen Refrigerator: Frigidaire 18 cu ft Refrigerator; Kitchen Range Type: Frigidaire Free Standing Range; Kitchen Range Hood: 30” Lighted Exhaust Fan over Range; Kitchen Lighting: Recessed Lights (Qty. Per Model); Kitchen Flooring: No-Wax Vinyl Flooring; Kitchen Faucets: Single Lever Faucet with Sprayer; Kitchen Countertops: Laminated Counter Tops / Crescent Edge T/Out; Kitchen Additional Specs: Fire Extinguisher Under Sink; Bathroom Sink: China Lavy Sinks; Bathroom Lighting: Recessed Lights (Per Model); Bathroom Flooring: No-Wax Vinyl Flooring; Bathroom Countertops: Laminated Counter Tops / Crescent Edge T/Out; Bathroom Faucets: Adjustable Shower Heads; Bathroom Fans: Exhaust Fans w/Light in each Bath; Bathroom Toilet Type: Elongated Toilets; Bathroom Bathtubs: 60” Fiberglass Tub/Shower in each Bath | AF27: Yes | AG27: Yes | AH27: Yes | AI27: =COUNTIF('Needs review'!$A:$A,B27) -> 0
A28: Dream Silver 521F | B28: gw-dream-silver-521f | C28: Golden West | D28: Dream Silver | E28: Standard | F28: Floorplan | G28: DRM 521F | I28: 3 | J28: 2 | K28: 1404 | L28: 27 | N28: Double | O28: 27' WIDE | P28: Yes | S28: =IF(COUNTA(U28:W28)>0,"Yes","No") -> No | T28: https://raw.githubusercontent.com/CadelMVH/Wix-Gallery-Downloads/main/DRM/521F.pdf | X28: https://static.wixstatic.com/media/866235_777318ed436a4db5bbe191ddfa5165d1~mv2.webp | Y28: https://static.wixstatic.com/media/866235_777318ed436a4db5bbe191ddfa5165d1~mv2.webp; https://static.wixstatic.com/media/866235_58d70bd4783e4258ba58e568b63bad9a~mv2.webp | Z28: The Dream Silver / DRM 521F built by Golden West Homes provides 1,404 square feet of carefully arranged living space, featuring 3 bedrooms and 2 bathrooms. This manufactured home is designed to support both relaxation and activity, with spacious living areas ideal for gatherings and private bedrooms that offer a peaceful escape. The DRM 521F is a perfect choice for families or individuals seeking a modern home that balances functionality with an inviting ambiance, ideal for a comfortable and enjoyable lifestyle. | AA28: Additional Specs: In-Floor Waste Plumbing / Kiln Dried Framing Lumber / GFI Receptacle at all Wet Areas; Exterior Wall On Center: 16” O.C.; Exterior Wall Studs: 2'x6' Exterior Walls; Floor Decking: 19/32” OSB T&G Floor Decking; Floor Joists: 2x6 Floor Joists -16” O.C.; Roof Load: 30# Roof Load; Side Wall Height: 96” Sidewall (Flat Ceiling); Insulation (Floors): R-33; Insulation (Walls): R-21; Insulation (Ceiling): R-40 | AB28: Additional Specs: 2x8 Rough Sawn / Continuous Eave Soffit Venting / Ridge Style Roof Venting / Deadbolts on Front and Rear Doors; Front Door: 36” Front Doors; Rear Door: 36” Rear Doors; Roof Pitch: 3:12 (4:12 pitch single sections); Shingles: Architectural Shingles; Siding: LP Smart Panel Siding w/5/50 year warranty; Window Trim: 4” Window Trim; Window Type: Dual Pane Low-E Windows; Exterior Lighting: Porch Lights at each Exterior Entry; Front Rear Eaves: Exterior 14" Eaves Double wide, 6" Single wide; Exterior Outlets: Exterior 2 GFI Standard | AC28: Ceiling Texture: Brocade Style Ceiling Drywall Finish; Door Carpet Type: Entry Lino; Safety Alarms: Smoke Alarms, Bdrms & Living Areas; Window Type: Wood Window Interior Wrap / Egress Windows in all Bedrooms; Molding: Baseboard Molding in Lino Areas; Wall Finish: Tape and Texture Drywall Throughout / Square Sheetrock Corners; Interior Doors: 2-Panel Interior Doors; Carpet Type Or Grade: 5# Carpet Pad / New Wave 25oz Carpet | AD28: Electrical Service: 200 Amp Electrical Service; Electrical Wiring: All Copper Wiring; Furnace: Forced Air Elect Down Flow Furnace; Other: Receptacle at Fresh Water Inlet; Shut Off Valves Throughout: Whole House Shut-off Valve; Thermostat: EcoBee T-Stat; Washer Dryer Hook Up: Plumbed/Wire For Washer and Dryer; Water Heater: 40 Gallon Electric Water Heater; Water Shut Off Valves: Shut-Off Valves at Toilets & Sinks | AE28: Kitchen Sink: Kitchen Sink 8” Stainless Steel; Kitchen Refrigerator: Frigidaire 18 cu ft Refrigerator; Kitchen Range Type: Frigidaire Free Standing Range; Kitchen Range Hood: 30” Lighted Exhaust Fan over Range; Kitchen Lighting: Recessed Lights (Qty. Per Model); Kitchen Flooring: No-Wax Vinyl Flooring; Kitchen Faucets: Single Lever Faucet with Sprayer; Kitchen Countertops: Laminated Counter Tops / Crescent Edge T/Out; Kitchen Additional Specs: Fire Extinguisher Under Sink; Bathroom Sink: China Lavy Sinks; Bathroom Lighting: Recessed Lights (Per Model); Bathroom Flooring: No-Wax Vinyl Flooring; Bathroom Countertops: Laminated Counter Tops / Crescent Edge T/Out; Bathroom Faucets: Adjustable Shower Heads; Bathroom Fans: Exhaust Fans w/Light in each Bath; Bathroom Toilet Type: Elongated Toilets; Bathroom Bathtubs: 60” Fiberglass Tub/Shower in each Bath | AF28: Yes | AG28: Yes | AH28: Yes | AI28: =COUNTIF('Needs review'!$A:$A,B28) -> 0
A29: Dream Silver 561F | B29: gw-dream-silver-561f | C29: Golden West | D29: Dream Silver | E29: Standard | F29: Floorplan | G29: DRM 561F | I29: 3 | J29: 2 | K29: 1512 | L29: 27 | M29: 56 | N29: Double | O29: 27' WIDE | P29: Yes | S29: =IF(COUNTA(U29:W29)>0,"Yes","No") -> No | T29: https://raw.githubusercontent.com/CadelMVH/Wix-Gallery-Downloads/main/DRM/561F.pdf | X29: https://static.wixstatic.com/media/866235_f1a68ecd303b48c4bf1f079895b224a3~mv2.webp | Y29: https://static.wixstatic.com/media/866235_f1a68ecd303b48c4bf1f079895b224a3~mv2.webp; https://static.wixstatic.com/media/866235_033ee343f89e4704989049ddb1883252~mv2.webp | Z29: The Dream Silver / DRM 561F built by Golden West Homes offers 1,512 square feet of thoughtfully designed living space, featuring 3 bedrooms and 2 bathrooms. This manufactured home provides a versatile layout with spacious living areas for family gatherings and private bedrooms that ensure a peaceful retreat. The DRM 561F is an ideal choice for families or individuals seeking a home that combines contemporary style with practical features, creating a comfortable and inviting atmosphere for daily living. | AA29: Additional Specs: In-Floor Waste Plumbing / Kiln Dried Framing Lumber / GFI Receptacle at all Wet Areas; Exterior Wall On Center: 16” O.C.; Exterior Wall Studs: 2'x6' Exterior Walls; Floor Decking: 19/32” OSB T&G Floor Decking; Floor Joists: 2x6 Floor Joists -16” O.C.; Roof Load: 30# Roof Load; Side Wall Height: 96” Sidewall (Flat Ceiling); Insulation (Floors): R-33; Insulation (Walls): R-21; Insulation (Ceiling): R-40 | AB29: Additional Specs: 2x8 Rough Sawn / Continuous Eave Soffit Venting / Ridge Style Roof Venting / Deadbolts on Front and Rear Doors; Front Door: 36” Front Doors; Rear Door: 36” Rear Doors; Roof Pitch: 3:12 (4:12 pitch single sections); Shingles: Architectural Shingles; Siding: LP Smart Panel Siding w/5/50 year warranty; Window Trim: 4” Window Trim; Window Type: Dual Pane Low-E Windows; Exterior Lighting: Porch Lights at each Exterior Entry; Front Rear Eaves: Exterior 14" Eaves Double wide, 6" Single wide; Exterior Outlets: Exterior 2 GFI Standard | AC29: Ceiling Texture: Brocade Style Ceiling Drywall Finish; Door Carpet Type: Entry Lino; Safety Alarms: Smoke Alarms, Bdrms & Living Areas; Window Type: Wood Window Interior Wrap / Egress Windows in all Bedrooms; Molding: Baseboard Molding in Lino Areas; Wall Finish: Tape and Texture Drywall Throughout / Square Sheetrock Corners; Interior Doors: 2-Panel Interior Doors; Carpet Type Or Grade: 5# Carpet Pad / New Wave 25oz Carpet | AD29: Electrical Service: 200 Amp Electrical Service; Electrical Wiring: All Copper Wiring; Furnace: Forced Air Elect Down Flow Furnace; Other: Receptacle at Fresh Water Inlet; Shut Off Valves Throughout: Whole House Shut-off Valve; Thermostat: EcoBee T-Stat; Washer Dryer Hook Up: Plumbed/Wire For Washer and Dryer; Water Heater: 40 Gallon Electric Water Heater; Water Shut Off Valves: Shut-Off Valves at Toilets & Sinks | AE29: Kitchen Sink: Kitchen Sink 8” Stainless Steel; Kitchen Refrigerator: Frigidaire 18 cu ft Refrigerator; Kitchen Range Type: Frigidaire Free Standing Range; Kitchen Range Hood: 30” Lighted Exhaust Fan over Range; Kitchen Lighting: Recessed Lights (Qty. Per Model); Kitchen Flooring: No-Wax Vinyl Flooring; Kitchen Faucets: Single Lever Faucet with Sprayer; Kitchen Countertops: Laminated Counter Tops / Crescent Edge T/Out; Kitchen Additional Specs: Fire Extinguisher Under Sink; Bathroom Sink: China Lavy Sinks; Bathroom Lighting: Recessed Lights (Per Model); Bathroom Flooring: No-Wax Vinyl Flooring; Bathroom Countertops: Laminated Counter Tops / Crescent Edge T/Out; Bathroom Faucets: Adjustable Shower Heads; Bathroom Fans: Exhaust Fans w/Light in each Bath; Bathroom Toilet Type: Elongated Toilets; Bathroom Bathtubs: 60” Fiberglass Tub/Shower in each Bath | AF29: Yes | AG29: Yes | AH29: Yes | AI29: =COUNTIF('Needs review'!$A:$A,B29) -> 0
A30: Dream Silver 562F | B30: gw-dream-silver-562f | C30: Golden West | D30: Dream Silver | E30: Standard | F30: Floorplan | G30: DRM 562F | I30: 3 | J30: 2 | K30: 1512 | L30: 27 | M30: 56 | N30: Double | O30: 27' WIDE | P30: Yes | S30: =IF(COUNTA(U30:W30)>0,"Yes","No") -> Yes | T30: https://raw.githubusercontent.com/CadelMVH/Wix-Gallery-Downloads/main/DRM/562F.pdf | U30: https://momento360.com/e/uc/f1b9100b5bf84d4881a5254f765bb1de | X30: https://static.wixstatic.com/media/866235_ac473eb227fa4aab8e6d57ce5cd325b5~mv2.webp | Y30: https://static.wixstatic.com/media/866235_ac473eb227fa4aab8e6d57ce5cd325b5~mv2.webp; https://static.wixstatic.com/media/866235_d5323c9591c94a80a339b7437a193b39~mv2.webp | Z30: The Dream Silver / DRM 562F built by Golden West Homes offers 1,512 square feet of carefully crafted living space, featuring 3 bedrooms and 2 bathrooms. This manufactured home is designed for those who value both style and comfort, with open living areas perfect for entertaining and private bedrooms that provide a peaceful retreat. The DRM 562F is an ideal choice for families or individuals seeking a modern home that combines functionality with a warm, inviting atmosphere for everyday living. | AA30: Additional Specs: In-Floor Waste Plumbing / Kiln Dried Framing Lumber / GFI Receptacle at all Wet Areas; Exterior Wall On Center: 16” O.C.; Exterior Wall Studs: 2'x6' Exterior Walls; Floor Decking: 19/32” OSB T&G Floor Decking; Floor Joists: 2x6 Floor Joists -16” O.C.; Roof Load: 30# Roof Load; Side Wall Height: 96” Sidewall (Flat Ceiling); Insulation (Floors): R-33; Insulation (Walls): R-21; Insulation (Ceiling): R-40 | AB30: Additional Specs: 2x8 Rough Sawn / Continuous Eave Soffit Venting / Ridge Style Roof Venting / Deadbolts on Front and Rear Doors; Front Door: 36” Front Doors; Rear Door: 36” Rear Doors; Roof Pitch: 3:12 (4:12 pitch single sections); Shingles: Architectural Shingles; Siding: LP Smart Panel Siding w/5/50 year warranty; Window Trim: 4” Window Trim; Window Type: Dual Pane Low-E Windows; Exterior Lighting: Porch Lights at each Exterior Entry; Front Rear Eaves: Exterior 14" Eaves Double wide, 6" Single wide; Exterior Outlets: Exterior 2 GFI Standard | AC30: Ceiling Texture: Brocade Style Ceiling Drywall Finish; Door Carpet Type: Entry Lino; Safety Alarms: Smoke Alarms, Bdrms & Living Areas; Window Type: Wood Window Interior Wrap / Egress Windows in all Bedrooms; Molding: Baseboard Molding in Lino Areas; Wall Finish: Tape and Texture Drywall Throughout / Square Sheetrock Corners; Interior Doors: 2-Panel Interior Doors; Carpet Type Or Grade: 5# Carpet Pad / New Wave 25oz Carpet | AD30: Electrical Service: 200 Amp Electrical Service; Electrical Wiring: All Copper Wiring; Furnace: Forced Air Elect Down Flow Furnace; Other: Receptacle at Fresh Water Inlet; Shut Off Valves Throughout: Whole House Shut-off Valve; Thermostat: EcoBee T-Stat; Washer Dryer Hook Up: Plumbed/Wire For Washer and Dryer; Water Heater: 40 Gallon Electric Water Heater; Water Shut Off Valves: Shut-Off Valves at Toilets & Sinks | AE30: Kitchen Sink: Kitchen Sink 8” Stainless Steel; Kitchen Refrigerator: Frigidaire 18 cu ft Refrigerator; Kitchen Range Type: Frigidaire Free Standing Range; Kitchen Range Hood: 30” Lighted Exhaust Fan over Range; Kitchen Lighting: Recessed Lights (Qty. Per Model); Kitchen Flooring: No-Wax Vinyl Flooring; Kitchen Faucets: Single Lever Faucet with Sprayer; Kitchen Countertops: Laminated Counter Tops / Crescent Edge T/Out; Kitchen Additional Specs: Fire Extinguisher Under Sink; Bathroom Sink: China Lavy Sinks; Bathroom Lighting: Recessed Lights (Per Model); Bathroom Flooring: No-Wax Vinyl Flooring; Bathroom Countertops: Laminated Counter Tops / Crescent Edge T/Out; Bathroom Faucets: Adjustable Shower Heads; Bathroom Fans: Exhaust Fans w/Light in each Bath; Bathroom Toilet Type: Elongated Toilets; Bathroom Bathtubs: 60” Fiberglass Tub/Shower in each Bath | AF30: Yes | AG30: Yes | AH30: Yes | AI30: =COUNTIF('Needs review'!$A:$A,B30) -> 0
A31: Dream Silver 563F | B31: gw-dream-silver-563f | C31: Golden West | D31: Dream Silver | E31: Standard | F31: Floorplan | G31: DRM 563F | I31: 3 | J31: 2 | K31: 1512 | L31: 27 | M31: 56 | N31: Double | O31: 27' WIDE | P31: Yes | S31: =IF(COUNTA(U31:W31)>0,"Yes","No") -> Yes | T31: https://raw.githubusercontent.com/CadelMVH/Wix-Gallery-Downloads/main/DRM/563F.pdf | U31: https://momento360.com/e/uc/1d19c6ab0e5b4fb3b07374568da44d16 | X31: https://static.wixstatic.com/media/866235_8325f44c437145db995d45b7887fbe03~mv2.webp | Y31: https://static.wixstatic.com/media/866235_8325f44c437145db995d45b7887fbe03~mv2.webp; https://static.wixstatic.com/media/866235_fc4b045b92d3468cb4fdd173fe16b682~mv2.webp | Z31: The Dream Silver / DRM 563F built by Golden West Homes offers 1,512 square feet of thoughtfully arranged living space, featuring 3 bedrooms and 2 bathrooms. This manufactured home is designed to bring comfort and style together, with open living areas perfect for family gatherings and private bedrooms that create a cozy retreat. The DRM 563F is a fantastic choice for families or individuals seeking a modern, functional home that combines practicality with a warm, welcoming atmosphere for daily living. | AA31: Additional Specs: In-Floor Waste Plumbing / Kiln Dried Framing Lumber / GFI Receptacle at all Wet Areas; Exterior Wall On Center: 16” O.C.; Exterior Wall Studs: 2'x6' Exterior Walls; Floor Decking: 19/32” OSB T&G Floor Decking; Floor Joists: 2x6 Floor Joists -16” O.C.; Roof Load: 30# Roof Load; Side Wall Height: 96” Sidewall (Flat Ceiling); Insulation (Floors): R-33; Insulation (Walls): R-21; Insulation (Ceiling): R-40 | AB31: Additional Specs: 2x8 Rough Sawn / Continuous Eave Soffit Venting / Ridge Style Roof Venting / Deadbolts on Front and Rear Doors; Front Door: 36” Front Doors; Rear Door: 36” Rear Doors; Roof Pitch: 3:12 (4:12 pitch single sections); Shingles: Architectural Shingles; Siding: LP Smart Panel Siding w/5/50 year warranty; Window Trim: 4” Window Trim; Window Type: Dual Pane Low-E Windows; Exterior Lighting: Porch Lights at each Exterior Entry; Front Rear Eaves: Exterior 14" Eaves Double wide, 6" Single wide; Exterior Outlets: Exterior 2 GFI Standard | AC31: Ceiling Texture: Brocade Style Ceiling Drywall Finish; Door Carpet Type: Entry Lino; Safety Alarms: Smoke Alarms, Bdrms & Living Areas; Window Type: Wood Window Interior Wrap / Egress Windows in all Bedrooms; Molding: Baseboard Molding in Lino Areas; Wall Finish: Tape and Texture Drywall Throughout / Square Sheetrock Corners; Interior Doors: 2-Panel Interior Doors; Carpet Type Or Grade: 5# Carpet Pad / New Wave 25oz Carpet | AD31: Electrical Service: 200 Amp Electrical Service; Electrical Wiring: All Copper Wiring; Furnace: Forced Air Elect Down Flow Furnace; Other: Receptacle at Fresh Water Inlet; Shut Off Valves Throughout: Whole House Shut-off Valve; Thermostat: EcoBee T-Stat; Washer Dryer Hook Up: Plumbed/Wire For Washer and Dryer; Water Heater: 40 Gallon Electric Water Heater; Water Shut Off Valves: Shut-Off Valves at Toilets & Sinks | AE31: Kitchen Sink: Kitchen Sink 8” Stainless Steel; Kitchen Refrigerator: Frigidaire 18 cu ft Refrigerator; Kitchen Range Type: Frigidaire Free Standing Range; Kitchen Range Hood: 30” Lighted Exhaust Fan over Range; Kitchen Lighting: Recessed Lights (Qty. Per Model); Kitchen Flooring: No-Wax Vinyl Flooring; Kitchen Faucets: Single Lever Faucet with Sprayer; Kitchen Countertops: Laminated Counter Tops / Crescent Edge T/Out; Kitchen Additional Specs: Fire Extinguisher Under Sink; Bathroom Sink: China Lavy Sinks; Bathroom Lighting: Recessed Lights (Per Model); Bathroom Flooring: No-Wax Vinyl Flooring; Bathroom Countertops: Laminated Counter Tops / Crescent Edge T/Out; Bathroom Faucets: Adjustable Shower Heads; Bathroom Fans: Exhaust Fans w/Light in each Bath; Bathroom Toilet Type: Elongated Toilets; Bathroom Bathtubs: 60” Fiberglass Tub/Shower in each Bath | AF31: Yes | AG31: Yes | AH31: Yes | AI31: =COUNTIF('Needs review'!$A:$A,B31) -> 0
A32: Dream Silver 564F | B32: gw-dream-silver-564f | C32: Golden West | D32: Dream Silver | E32: Standard | F32: Floorplan | G32: DRM 564F | I32: 3 | J32: 2 | K32: 1512 | L32: 27 | M32: 56 | N32: Double | O32: 27' WIDE | P32: Yes | S32: =IF(COUNTA(U32:W32)>0,"Yes","No") -> No | T32: https://raw.githubusercontent.com/CadelMVH/Wix-Gallery-Downloads/main/DRM/564F.pdf | X32: https://static.wixstatic.com/media/866235_28e4fadacaf042a189ad58b62d2180c5~mv2.webp | Y32: https://static.wixstatic.com/media/866235_28e4fadacaf042a189ad58b62d2180c5~mv2.webp; https://static.wixstatic.com/media/866235_35f61fc3b1d949ef89bf0d80e60292d6~mv2.webp | Z32: The Dream Silver / DRM 564F built by Golden West Albany offers a cozy yet roomy retreat with 3 bedrooms, 2 bathrooms, and 1512 square feet of living space designed with everyday comfort in mind. Whether you’re gathering with loved ones or enjoying quiet moments, the layout supports both connection and relaxation. The DRM 564F brings together functionality and charm, making it a wonderful choice for anyone looking to enjoy the comforts of a welcoming home. | AA32: Additional Specs: In-Floor Waste Plumbing / Kiln Dried Framing Lumber / GFI Receptacle at all Wet Areas; Exterior Wall On Center: 16” O.C.; Exterior Wall Studs: 2'x6' Exterior Walls; Floor Decking: 19/32” OSB T&G Floor Decking; Floor Joists: 2x6 Floor Joists -16” O.C.; Roof Load: 30# Roof Load; Side Wall Height: 96” Sidewall (Flat Ceiling); Insulation (Floors): R-33; Insulation (Walls): R-21; Insulation (Ceiling): R-40 | AB32: Additional Specs: 2x8 Rough Sawn / Continuous Eave Soffit Venting / Ridge Style Roof Venting / Deadbolts on Front and Rear Doors; Front Door: 36” Front Doors; Rear Door: 36” Rear Doors; Roof Pitch: 3:12 (4:12 pitch single sections); Shingles: Architectural Shingles; Siding: LP Smart Panel Siding w/5/50 year warranty; Window Trim: 4” Window Trim; Window Type: Dual Pane Low-E Windows; Exterior Lighting: Porch Lights at each Exterior Entry; Front Rear Eaves: Exterior 14" Eaves Double wide, 6" Single wide; Exterior Outlets: Exterior 2 GFI Standard | AC32: Ceiling Texture: Brocade Style Ceiling Drywall Finish; Door Carpet Type: Entry Lino; Safety Alarms: Smoke Alarms, Bdrms & Living Areas; Window Type: Wood Window Interior Wrap / Egress Windows in all Bedrooms; Molding: Baseboard Molding in Lino Areas; Wall Finish: Tape and Texture Drywall Throughout / Square Sheetrock Corners; Interior Doors: 2-Panel Interior Doors; Carpet Type Or Grade: 5# Carpet Pad / New Wave 25oz Carpet | AD32: Electrical Service: 200 Amp Electrical Service; Electrical Wiring: All Copper Wiring; Furnace: Forced Air Elect Down Flow Furnace; Other: Receptacle at Fresh Water Inlet; Shut Off Valves Throughout: Whole House Shut-off Valve; Thermostat: EcoBee T-Stat; Washer Dryer Hook Up: Plumbed/Wire For Washer and Dryer; Water Heater: 40 Gallon Electric Water Heater; Water Shut Off Valves: Shut-Off Valves at Toilets & Sinks | AE32: Kitchen Sink: Kitchen Sink 8” Stainless Steel; Kitchen Refrigerator: Frigidaire 18 cu ft Refrigerator; Kitchen Range Type: Frigidaire Free Standing Range; Kitchen Range Hood: 30” Lighted Exhaust Fan over Range; Kitchen Lighting: Recessed Lights (Qty. Per Model); Kitchen Flooring: No-Wax Vinyl Flooring; Kitchen Faucets: Single Lever Faucet with Sprayer; Kitchen Countertops: Laminated Counter Tops / Crescent Edge T/Out; Kitchen Additional Specs: Fire Extinguisher Under Sink; Bathroom Sink: China Lavy Sinks; Bathroom Lighting: Recessed Lights (Per Model); Bathroom Flooring: No-Wax Vinyl Flooring; Bathroom Countertops: Laminated Counter Tops / Crescent Edge T/Out; Bathroom Faucets: Adjustable Shower Heads; Bathroom Fans: Exhaust Fans w/Light in each Bath; Bathroom Toilet Type: Elongated Toilets; Bathroom Bathtubs: 60” Fiberglass Tub/Shower in each Bath | AF32: Yes | AG32: Yes | AH32: Yes | AI32: =COUNTIF('Needs review'!$A:$A,B32) -> 0
A33: Dream Silver 601F | B33: gw-dream-silver-601f | C33: Golden West | D33: Dream Silver | E33: Standard | F33: Floorplan | G33: DRM 601F | I33: 4 | J33: 2 | K33: 1620 | L33: 27 | M33: 60 | N33: Double | O33: 27' WIDE | P33: Yes | S33: =IF(COUNTA(U33:W33)>0,"Yes","No") -> Yes | T33: https://raw.githubusercontent.com/CadelMVH/Wix-Gallery-Downloads/main/DRM/601F.pdf | U33: https://momento360.com/e/uc/776afbbba42b43bab9807701223322bb | X33: https://static.wixstatic.com/media/866235_6c1735df48f248c5bd1a8d714a872e4e~mv2.webp | Y33: https://static.wixstatic.com/media/866235_6c1735df48f248c5bd1a8d714a872e4e~mv2.webp; https://static.wixstatic.com/media/866235_064b0a8dad924ea58cc3b677e24f7465~mv2.webp | Z33: The Dream Silver / DRM 601F built by Golden West Homes offers a spacious 1,620 square feet of living space, featuring 4 bedrooms and 2 bathrooms. This manufactured home is designed to cater to family needs, with an inviting open layout perfect for gathering and private bedrooms that offer a peaceful escape. The DRM 601F is a fantastic choice for those seeking a home that blends modern style with practicality, providing ample space and comfort for everyday living or entertaining in a relaxed atmosphere. | AA33: Additional Specs: In-Floor Waste Plumbing / Kiln Dried Framing Lumber / GFI Receptacle at all Wet Areas; Exterior Wall On Center: 16” O.C.; Exterior Wall Studs: 2'x6' Exterior Walls; Floor Decking: 19/32” OSB T&G Floor Decking; Floor Joists: 2x6 Floor Joists -16” O.C.; Roof Load: 30# Roof Load; Side Wall Height: 96” Sidewall (Flat Ceiling); Insulation (Floors): R-33; Insulation (Walls): R-21; Insulation (Ceiling): R-40 | AB33: Additional Specs: 2x8 Rough Sawn / Continuous Eave Soffit Venting / Ridge Style Roof Venting / Deadbolts on Front and Rear Doors; Front Door: 36” Front Doors; Rear Door: 36” Rear Doors; Roof Pitch: 3:12 (4:12 pitch single sections); Shingles: Architectural Shingles; Siding: LP Smart Panel Siding w/5/50 year warranty; Window Trim: 4” Window Trim; Window Type: Dual Pane Low-E Windows; Exterior Lighting: Porch Lights at each Exterior Entry; Front Rear Eaves: Exterior 14" Eaves Double wide, 6" Single wide; Exterior Outlets: Exterior 2 GFI Standard | AC33: Ceiling Texture: Brocade Style Ceiling Drywall Finish; Door Carpet Type: Entry Lino; Safety Alarms: Smoke Alarms, Bdrms & Living Areas; Window Type: Wood Window Interior Wrap / Egress Windows in all Bedrooms; Molding: Baseboard Molding in Lino Areas; Wall Finish: Tape and Texture Drywall Throughout / Square Sheetrock Corners; Interior Doors: 2-Panel Interior Doors; Carpet Type Or Grade: 5# Carpet Pad / New Wave 25oz Carpet | AD33: Electrical Service: 200 Amp Electrical Service; Electrical Wiring: All Copper Wiring; Furnace: Forced Air Elect Down Flow Furnace; Other: Receptacle at Fresh Water Inlet; Shut Off Valves Throughout: Whole House Shut-off Valve; Thermostat: EcoBee T-Stat; Washer Dryer Hook Up: Plumbed/Wire For Washer and Dryer; Water Heater: 40 Gallon Electric Water Heater; Water Shut Off Valves: Shut-Off Valves at Toilets & Sinks | AE33: Kitchen Sink: Kitchen Sink 8” Stainless Steel; Kitchen Refrigerator: Frigidaire 18 cu ft Refrigerator; Kitchen Range Type: Frigidaire Free Standing Range; Kitchen Range Hood: 30” Lighted Exhaust Fan over Range; Kitchen Lighting: Recessed Lights (Qty. Per Model); Kitchen Flooring: No-Wax Vinyl Flooring; Kitchen Faucets: Single Lever Faucet with Sprayer; Kitchen Countertops: Laminated Counter Tops / Crescent Edge T/Out; Kitchen Additional Specs: Fire Extinguisher Under Sink; Bathroom Sink: China Lavy Sinks; Bathroom Lighting: Recessed Lights (Per Model); Bathroom Flooring: No-Wax Vinyl Flooring; Bathroom Countertops: Laminated Counter Tops / Crescent Edge T/Out; Bathroom Faucets: Adjustable Shower Heads; Bathroom Fans: Exhaust Fans w/Light in each Bath; Bathroom Toilet Type: Elongated Toilets; Bathroom Bathtubs: 60” Fiberglass Tub/Shower in each Bath | AF33: Yes | AG33: Yes | AH33: Yes | AI33: =COUNTIF('Needs review'!$A:$A,B33) -> 0
A34: Dream Silver 682F | B34: gw-dream-silver-682f | C34: Golden West | D34: Dream Silver | E34: Standard | F34: Floorplan | G34: DRM 682F | I34: 4 | J34: 2 | K34: 1836 | L34: 27 | M34: 68 | N34: Double | O34: 27' WIDE | P34: Yes | S34: =IF(COUNTA(U34:W34)>0,"Yes","No") -> No | T34: https://raw.githubusercontent.com/CadelMVH/Wix-Gallery-Downloads/main/DRM/682F.pdf | X34: https://static.wixstatic.com/media/866235_796bc816b5d148928d8e273cbd4fe7d5~mv2.webp | Y34: https://static.wixstatic.com/media/866235_796bc816b5d148928d8e273cbd4fe7d5~mv2.webp; https://static.wixstatic.com/media/866235_60515e1535b24366b8cc2434bec1aa0e~mv2.webp | Z34: The Dream Silver / DRM 682F built by Golden West Homes provides a generous 1,836 square feet of living space, including 4 bedrooms and 2 bathrooms. This manufactured home is thoughtfully designed to meet the needs of a busy household, featuring open common areas that encourage gathering and secluded bedrooms that offer a peaceful retreat. The DRM 682F is ideal for families or individuals seeking a spacious, modern home that effortlessly combines functionality with a warm, inviting atmosphere. | AA34: Additional Specs: In-Floor Waste Plumbing / Kiln Dried Framing Lumber / GFI Receptacle at all Wet Areas; Exterior Wall On Center: 16” O.C.; Exterior Wall Studs: 2'x6' Exterior Walls; Floor Decking: 19/32” OSB T&G Floor Decking; Floor Joists: 2x6 Floor Joists -16” O.C.; Roof Load: 30# Roof Load; Side Wall Height: 96” Sidewall (Flat Ceiling); Insulation (Floors): R-33; Insulation (Walls): R-21; Insulation (Ceiling): R-40 | AB34: Additional Specs: 2x8 Rough Sawn / Continuous Eave Soffit Venting / Ridge Style Roof Venting / Deadbolts on Front and Rear Doors; Front Door: 36” Front Doors; Rear Door: 36” Rear Doors; Roof Pitch: 3:12 (4:12 pitch single sections); Shingles: Architectural Shingles; Siding: LP Smart Panel Siding w/5/50 year warranty; Window Trim: 4” Window Trim; Window Type: Dual Pane Low-E Windows; Exterior Lighting: Porch Lights at each Exterior Entry; Front Rear Eaves: Exterior 14" Eaves Double wide, 6" Single wide; Exterior Outlets: Exterior 2 GFI Standard | AC34: Ceiling Texture: Brocade Style Ceiling Drywall Finish; Door Carpet Type: Entry Lino; Safety Alarms: Smoke Alarms, Bdrms & Living Areas; Window Type: Wood Window Interior Wrap / Egress Windows in all Bedrooms; Molding: Baseboard Molding in Lino Areas; Wall Finish: Tape and Texture Drywall Throughout / Square Sheetrock Corners; Interior Doors: 2-Panel Interior Doors; Carpet Type Or Grade: 5# Carpet Pad / New Wave 25oz Carpet | AD34: Electrical Service: 200 Amp Electrical Service; Electrical Wiring: All Copper Wiring; Furnace: Forced Air Elect Down Flow Furnace; Other: Receptacle at Fresh Water Inlet; Shut Off Valves Throughout: Whole House Shut-off Valve; Thermostat: EcoBee T-Stat; Washer Dryer Hook Up: Plumbed/Wire For Washer and Dryer; Water Heater: 40 Gallon Electric Water Heater; Water Shut Off Valves: Shut-Off Valves at Toilets & Sinks | AE34: Kitchen Sink: Kitchen Sink 8” Stainless Steel; Kitchen Refrigerator: Frigidaire 18 cu ft Refrigerator; Kitchen Range Type: Frigidaire Free Standing Range; Kitchen Range Hood: 30” Lighted Exhaust Fan over Range; Kitchen Lighting: Recessed Lights (Qty. Per Model); Kitchen Flooring: No-Wax Vinyl Flooring; Kitchen Faucets: Single Lever Faucet with Sprayer; Kitchen Countertops: Laminated Counter Tops / Crescent Edge T/Out; Kitchen Additional Specs: Fire Extinguisher Under Sink; Bathroom Sink: China Lavy Sinks; Bathroom Lighting: Recessed Lights (Per Model); Bathroom Flooring: No-Wax Vinyl Flooring; Bathroom Countertops: Laminated Counter Tops / Crescent Edge T/Out; Bathroom Faucets: Adjustable Shower Heads; Bathroom Fans: Exhaust Fans w/Light in each Bath; Bathroom Toilet Type: Elongated Toilets; Bathroom Bathtubs: 60” Fiberglass Tub/Shower in each Bath | AF34: Yes | AG34: Yes | AH34: Yes | AI34: =COUNTIF('Needs review'!$A:$A,B34) -> 0
A35: Dream Silver 683F | B35: gw-dream-silver-683f | C35: Golden West | D35: Dream Silver | E35: Standard | F35: Floorplan | G35: DRM 683F | I35: 3 | J35: 2 | K35: 1836 | L35: 27 | M35: 68 | N35: Double | O35: 27' WIDE | P35: Yes | S35: =IF(COUNTA(U35:W35)>0,"Yes","No") -> Yes | T35: https://raw.githubusercontent.com/CadelMVH/Wix-Gallery-Downloads/main/DRM/683F.pdf | U35: https://momento360.com/e/uc/4051bc8454b04151bc560f40fe55ebd5 | V35: https://my.matterport.com/show/?m=MdLCFmoRemw | X35: https://static.wixstatic.com/media/866235_9c22a8cd4b4f435d8e5e907aacf10808~mv2.webp | Y35: https://static.wixstatic.com/media/866235_9c22a8cd4b4f435d8e5e907aacf10808~mv2.webp; https://static.wixstatic.com/media/866235_1efc332b3edc4966b96a9d76993235b3~mv2.jpg; https://static.wixstatic.com/media/866235_ff2e7313a2c4404c972651774baba84e~mv2.jpg; https://static.wixstatic.com/media/866235_dd01d824f2c34a14b243ab7c9a008165~mv2.jpg; https://static.wixstatic.com/media/866235_cc201bc82886480297d403406b5fe3fc~mv2.jpg; https://static.wixstatic.com/media/866235_952c1d4bb6504a89adfe32c5e19aff1e~mv2.jpg; https://static.wixstatic.com/media/866235_3280c937142248c6aadab8fc73b22752~mv2.jpg; https://static.wixstatic.com/media/866235_7108ec77bb29403bbbc445f68cec424d~mv2.jpg; https://static.wixstatic.com/media/866235_e46a77cabbd94aaca19fa8b1fd043347~mv2.jpg; https://static.wixstatic.com/media/866235_4a326c3c50f4443d843214b9577923b8~mv2.jpg | Z35: The Dream Silver / DRM 683F built by Golden West Albany is a beautifully crafted manufactured home offering 3 bedrooms, 2 bathrooms, and 1836 square feet of living space designed for comfort and ease. From its warm layout to its thoughtfully arranged features, this home is perfect for families ready to settle into something special. The DRM 683F delivers everyday functionality with a homestyle charm you’ll feel the moment you walk in. | AA35: Additional Specs: In-Floor Waste Plumbing / Kiln Dried Framing Lumber / GFI Receptacle at all Wet Areas; Exterior Wall On Center: 16” O.C.; Exterior Wall Studs: 2'x6' Exterior Walls; Floor Decking: 19/32” OSB T&G Floor Decking; Floor Joists: 2x6 Floor Joists -16” O.C.; Roof Load: 30# Roof Load; Side Wall Height: 96” Sidewall (Flat Ceiling); Insulation (Floors): R-33; Insulation (Walls): R-21; Insulation (Ceiling): R-40 | AB35: Additional Specs: 2x8 Rough Sawn / Continuous Eave Soffit Venting / Ridge Style Roof Venting / Deadbolts on Front and Rear Doors; Front Door: 36” Front Doors; Rear Door: 36” Rear Doors; Roof Pitch: 3:12 (4:12 pitch single sections); Shingles: Architectural Shingles; Siding: LP Smart Panel Siding w/5/50 year warranty; Window Trim: 4” Window Trim; Window Type: Dual Pane Low-E Windows; Exterior Lighting: Porch Lights at each Exterior Entry; Front Rear Eaves: Exterior 14" Eaves Double wide, 6" Single wide; Exterior Outlets: Exterior 2 GFI Standard | AC35: Ceiling Texture: Brocade Style Ceiling Drywall Finish; Door Carpet Type: Entry Lino; Safety Alarms: Smoke Alarms, Bdrms & Living Areas; Window Type: Wood Window Interior Wrap / Egress Windows in all Bedrooms; Molding: Baseboard Molding in Lino Areas; Wall Finish: Tape and Texture Drywall Throughout / Square Sheetrock Corners; Interior Doors: 2-Panel Interior Doors; Carpet Type Or Grade: 5# Carpet Pad / New Wave 25oz Carpet | AD35: Electrical Service: 200 Amp Electrical Service; Electrical Wiring: All Copper Wiring; Furnace: Forced Air Elect Down Flow Furnace; Other: Receptacle at Fresh Water Inlet; Shut Off Valves Throughout: Whole House Shut-off Valve; Thermostat: EcoBee T-Stat; Washer Dryer Hook Up: Plumbed/Wire For Washer and Dryer; Water Heater: 40 Gallon Electric Water Heater; Water Shut Off Valves: Shut-Off Valves at Toilets & Sinks | AE35: Kitchen Sink: Kitchen Sink 8” Stainless Steel; Kitchen Refrigerator: Frigidaire 18 cu ft Refrigerator; Kitchen Range Type: Frigidaire Free Standing Range; Kitchen Range Hood: 30” Lighted Exhaust Fan over Range; Kitchen Lighting: Recessed Lights (Qty. Per Model); Kitchen Flooring: No-Wax Vinyl Flooring; Kitchen Faucets: Single Lever Faucet with Sprayer; Kitchen Countertops: Laminated Counter Tops / Crescent Edge T/Out; Kitchen Additional Specs: Fire Extinguisher Under Sink; Bathroom Sink: China Lavy Sinks; Bathroom Lighting: Recessed Lights (Per Model); Bathroom Flooring: No-Wax Vinyl Flooring; Bathroom Countertops: Laminated Counter Tops / Crescent Edge T/Out; Bathroom Faucets: Adjustable Shower Heads; Bathroom Fans: Exhaust Fans w/Light in each Bath; Bathroom Toilet Type: Elongated Toilets; Bathroom Bathtubs: 60” Fiberglass Tub/Shower in each Bath | AF35: Yes | AG35: Yes | AH35: Yes | AI35: =COUNTIF('Needs review'!$A:$A,B35) -> 0
A36: Dream Silver 711F | B36: gw-dream-silver-711f | C36: Golden West | D36: Dream Silver | E36: Standard | F36: Floorplan | G36: DRM 711F | I36: 3 | J36: 2 | K36: 1917 | L36: 27 | M36: 71 | N36: Double | O36: 27' WIDE | P36: Yes | S36: =IF(COUNTA(U36:W36)>0,"Yes","No") -> Yes | T36: https://raw.githubusercontent.com/CadelMVH/Wix-Gallery-Downloads/main/DRM/711F.pdf | U36: https://momento360.com/e/uc/59124193dace45e286cc44cf8d6e4b81 | X36: https://static.wixstatic.com/media/866235_ce4ba76624074876acf84141ded0be17~mv2.webp | Y36: https://static.wixstatic.com/media/866235_ce4ba76624074876acf84141ded0be17~mv2.webp; https://static.wixstatic.com/media/866235_7d4ea02c6afc4fccb301408481b8f1d0~mv2.webp | Z36: The Dream Silver / DRM 711F built by Golden West Homes offers a spacious 1,917 square feet of living space, featuring 3 bedrooms and 2 bathrooms. This manufactured home is crafted for those who value both style and comfort, with expansive open areas ideal for family gatherings and private bedrooms that offer a peaceful retreat. The DRM 711F is a fantastic choice for families or individuals seeking a modern home that combines ample space with contemporary design, providing a welcoming setting for daily living and entertaining. | AA36: Additional Specs: In-Floor Waste Plumbing / Kiln Dried Framing Lumber / GFI Receptacle at all Wet Areas; Exterior Wall On Center: 16” O.C.; Exterior Wall Studs: 2'x6' Exterior Walls; Floor Decking: 19/32” OSB T&G Floor Decking; Floor Joists: 2x6 Floor Joists -16” O.C.; Roof Load: 30# Roof Load; Side Wall Height: 96” Sidewall (Flat Ceiling); Insulation (Floors): R-33; Insulation (Walls): R-21; Insulation (Ceiling): R-40 | AB36: Additional Specs: 2x8 Rough Sawn / Continuous Eave Soffit Venting / Ridge Style Roof Venting / Deadbolts on Front and Rear Doors; Front Door: 36” Front Doors; Rear Door: 36” Rear Doors; Roof Pitch: 3:12 (4:12 pitch single sections); Shingles: Architectural Shingles; Siding: LP Smart Panel Siding w/5/50 year warranty; Window Trim: 4” Window Trim; Window Type: Dual Pane Low-E Windows; Exterior Lighting: Porch Lights at each Exterior Entry; Front Rear Eaves: Exterior 14" Eaves Double wide, 6" Single wide; Exterior Outlets: Exterior 2 GFI Standard | AC36: Ceiling Texture: Brocade Style Ceiling Drywall Finish; Door Carpet Type: Entry Lino; Safety Alarms: Smoke Alarms, Bdrms & Living Areas; Window Type: Wood Window Interior Wrap / Egress Windows in all Bedrooms; Molding: Baseboard Molding in Lino Areas; Wall Finish: Tape and Texture Drywall Throughout / Square Sheetrock Corners; Interior Doors: 2-Panel Interior Doors; Carpet Type Or Grade: 5# Carpet Pad / New Wave 25oz Carpet | AD36: Electrical Service: 200 Amp Electrical Service; Electrical Wiring: All Copper Wiring; Furnace: Forced Air Elect Down Flow Furnace; Other: Receptacle at Fresh Water Inlet; Shut Off Valves Throughout: Whole House Shut-off Valve; Thermostat: EcoBee T-Stat; Washer Dryer Hook Up: Plumbed/Wire For Washer and Dryer; Water Heater: 40 Gallon Electric Water Heater; Water Shut Off Valves: Shut-Off Valves at Toilets & Sinks | AE36: Kitchen Sink: Kitchen Sink 8” Stainless Steel; Kitchen Refrigerator: Frigidaire 18 cu ft Refrigerator; Kitchen Range Type: Frigidaire Free Standing Range; Kitchen Range Hood: 30” Lighted Exhaust Fan over Range; Kitchen Lighting: Recessed Lights (Qty. Per Model); Kitchen Flooring: No-Wax Vinyl Flooring; Kitchen Faucets: Single Lever Faucet with Sprayer; Kitchen Countertops: Laminated Counter Tops / Crescent Edge T/Out; Kitchen Additional Specs: Fire Extinguisher Under Sink; Bathroom Sink: China Lavy Sinks; Bathroom Lighting: Recessed Lights (Per Model); Bathroom Flooring: No-Wax Vinyl Flooring; Bathroom Countertops: Laminated Counter Tops / Crescent Edge T/Out; Bathroom Faucets: Adjustable Shower Heads; Bathroom Fans: Exhaust Fans w/Light in each Bath; Bathroom Toilet Type: Elongated Toilets; Bathroom Bathtubs: 60” Fiberglass Tub/Shower in each Bath | AF36: Yes | AG36: Yes | AH36: Yes | AI36: =COUNTIF('Needs review'!$A:$A,B36) -> 0
A37: Myrtle (ING 362A) | B37: gw-inspiration-gold-362a | C37: Golden West | D37: Inspiration Gold | E37: Standard | F37: Floorplan | G37: ING 362A | H37: Myrtle | I37: 2 | J37: 1 | K37: 852 | L37: 24 | M37: 36 | N37: Double | O37: 24' WIDE | P37: Yes | S37: =IF(COUNTA(U37:W37)>0,"Yes","No") -> Yes | T37: https://raw.githubusercontent.com/CadelMVH/Wix-Gallery-Downloads/main/ING/ING362A.pdf | V37: https://my.matterport.com/show/?play=1&m=MgaR4onYsZB | X37: https://static.wixstatic.com/media/866235_26af0973f8144873b8d72814e2a4b104~mv2.webp | Y37: https://static.wixstatic.com/media/866235_26af0973f8144873b8d72814e2a4b104~mv2.webp; https://static.wixstatic.com/media/866235_7442007ed1c9424c9ec1f187420fe66a~mv2.jpg | Z37: The Inspiration Gold Series / Myrtle ING 362A built by Golden West Homes offers 852 square feet of efficiently designed living space, featuring 2 bedrooms and 1 bathroom. This manufactured home combines comfort with functionality, presenting an open living area perfect for daily relaxation and private bedrooms that create a cozy retreat. The Myrtle ING 362A is an ideal choice for individuals or couples seeking a compact, modern home that maximizes space while providing a warm, inviting atmosphere for everyday living. | AA37: Note: 2x6 Floor Joists-16”O.C.; 3/12 Nominal Pitch(4: 12 pitch single wides) | AB37: Note: LP Smart Panel Sidingw/5/50 year warranty | AC37: Note: Tape and Texture Drywall Throughout | AD37: Note: All Electric Appliances | AE37: Note: SAMSUNG Stainless Steel 18 c/f Refer w/icemaker | AF37: Yes | AG37: Yes | AH37: Yes | AI37: =COUNTIF('Needs review'!$A:$A,B37) -> 0
A38: Dogwood (ING 361F) | B38: gw-inspiration-gold-361f | C38: Golden West | D38: Inspiration Gold | E38: Standard | F38: Floorplan | G38: ING 361F | H38: Dogwood | I38: 2 | J38: 2 | K38: 958 | L38: 28 | M38: 36 | N38: Double | O38: 27' WIDE | P38: Yes | S38: =IF(COUNTA(U38:W38)>0,"Yes","No") -> Yes | T38: https://raw.githubusercontent.com/CadelMVH/Wix-Gallery-Downloads/main/ING/ING361F.pdf | V38: https://my.matterport.com/show/?play=1&m=Mac4ayKuY7Q | X38: https://static.wixstatic.com/media/866235_eb597facee6a48f391fcee3004f470f9~mv2.webp | Y38: https://static.wixstatic.com/media/866235_eb597facee6a48f391fcee3004f470f9~mv2.webp; https://static.wixstatic.com/media/866235_f8e0baea230641a995307c72eff0f3b0~mv2.webp; https://static.wixstatic.com/media/866235_ddd5a94c0ea94ed3b999eb2c4941eb46~mv2.jpg | Z38: The Inspiration Gold Series / ING361F Dogwood built by Golden West Homes offers 958 square feet of efficiently designed living space, featuring 2 bedrooms and 2 bathrooms. This manufactured home combines style with functionality, with an open layout ideal for daily living and private bedrooms that provide a cozy retreat. The ING361F Dogwood is a perfect choice for individuals or couples seeking a compact, modern home that blends comfort and practicality, making it an excellent option for both short and extended stays. | AA38: Note: 2x6 Floor Joists-16”O.C.; 3/12 Nominal Pitch(4: 12 pitch single wides) | AB38: Note: LP Smart Panel Sidingw/5/50 year warranty | AC38: Note: Tape and Texture Drywall Throughout | AD38: Note: All Electric Appliances | AE38: Note: SAMSUNG Stainless Steel 18 c/f Refer w/icemaker | AF38: Yes | AG38: Yes | AH38: Yes | AI38: =COUNTIF('Needs review'!$A:$A,B38) -> 0
A39: Redwood II (ING 382F) | B39: gw-inspiration-gold-382f | C39: Golden West | D39: Inspiration Gold | E39: Standard | F39: Floorplan | G39: ING 382F | H39: Redwood II | I39: 2 | J39: 2 | K39: 1026 | L39: 28 | N39: Double | O39: 27' WIDE | P39: Yes | S39: =IF(COUNTA(U39:W39)>0,"Yes","No") -> Yes | T39: https://raw.githubusercontent.com/CadelMVH/Wix-Gallery-Downloads/main/ING/ING382F.pdf | U39: https://momento360.com/e/uc/186e9d7256774b0cb5ad43f364069f11 | V39: https://my.matterport.com/show/?play=1&m=fKycYYa7n6n | X39: https://static.wixstatic.com/media/866235_b9b96ad7179e4b3db4d34fc637c234ff~mv2.webp | Y39: https://static.wixstatic.com/media/866235_b9b96ad7179e4b3db4d34fc637c234ff~mv2.webp; https://static.wixstatic.com/media/866235_ccccf9834dca451bb699228810be1cd2~mv2.webp; https://static.wixstatic.com/media/866235_5e38ac5a897a4d5dba6b2d0797d3e580~mv2.jpg | Z39: The Inspiration Gold Series / Redwood II ING 382F built by Golden West Homes provides 1,026 square feet of well-planned living space, featuring 2 bedrooms and 2 bathrooms. This manufactured home is crafted for those who appreciate efficiency and style, with an open layout that encourages socializing and private bedrooms that provide comfort and relaxation. The Redwood II ING 382F is an excellent choice for individuals or couples seeking a modern, compact home that perfectly balances functionality and warmth. | AA39: Note: 2x6 Floor Joists-16”O.C.; 3/12 Nominal Pitch(4: 12 pitch single wides) | AB39: Note: LP Smart Panel Sidingw/5/50 year warranty | AC39: Note: Tape and Texture Drywall Throughout | AD39: Note: All Electric Appliances | AE39: Note: SAMSUNG Stainless Steel 18 c/f Refer w/icemaker | AF39: Yes | AG39: Yes | AH39: Yes | AI39: =COUNTIF('Needs review'!$A:$A,B39) -> 0
A40: Blue Spruce (ING 485F) | B40: gw-inspiration-gold-485f | C40: Golden West | D40: Inspiration Gold | E40: Standard | F40: Floorplan | G40: ING 485F | H40: Blue Spruce | I40: 2 | J40: 2 | K40: 1296 | L40: 27 | M40: 48 | N40: Double | O40: 27' WIDE | P40: Yes | S40: =IF(COUNTA(U40:W40)>0,"Yes","No") -> No | T40: https://raw.githubusercontent.com/CadelMVH/Wix-Gallery-Downloads/main/ING/ING485F.pdf | X40: https://static.wixstatic.com/media/866235_a2b86a852f584a5393f9ebd68a895675~mv2.webp | Y40: https://static.wixstatic.com/media/866235_a2b86a852f584a5393f9ebd68a895675~mv2.webp; https://static.wixstatic.com/media/866235_2f7f4a5bbb634de190d408be2b86be6a~mv2.jpg | Z40: The Inspiration Gold Series / The Blue Spruce ING 485F built by Golden West Albany features 2 bedrooms, 2 bathrooms, and 1,251 square feet of well-planned living space. With its welcoming layout, spacious feel, and comfortable design, this manufactured home blends style with functionality. Whether you’re downsizing or just starting out, The Blue Spruce ING 485F provides a warm, inviting environment perfect for everyday living. | AA40: Note: 2x6 Floor Joists-16”O.C.; 3/12 Nominal Pitch(4: 12 pitch single wides) | AB40: Note: LP Smart Panel Sidingw/5/50 year warranty | AC40: Note: Tape and Texture Drywall Throughout | AD40: Note: All Electric Appliances | AE40: Note: SAMSUNG Stainless Steel 18 c/f Refer w/icemaker | AF40: Yes | AG40: Yes | AH40: Yes | AI40: =COUNTIF('Needs review'!$A:$A,B40) -> 1
A41: Manzanita (ING 486F) | B41: gw-inspiration-gold-486f | C41: Golden West | D41: Inspiration Gold | E41: Standard | F41: Floorplan | G41: ING 486F | H41: Manzanita | I41: 2 | J41: 2 | K41: 1296 | L41: 27 | M41: 48 | N41: Double | O41: 27' WIDE | P41: Yes | S41: =IF(COUNTA(U41:W41)>0,"Yes","No") -> Yes | T41: https://raw.githubusercontent.com/CadelMVH/Wix-Gallery-Downloads/main/ING/ING486F.pdf | V41: https://my.matterport.com/show?play=1&lang=en-US&m=DaQBmJEBKY6 | X41: https://static.wixstatic.com/media/866235_8bc2f52d39e54203826ffefbe2df2c11~mv2.webp | Y41: https://static.wixstatic.com/media/866235_8bc2f52d39e54203826ffefbe2df2c11~mv2.webp; https://static.wixstatic.com/media/866235_bd8bdc59b2e34bf7a3eb8a1eb4d8a376~mv2.webp; https://static.wixstatic.com/media/866235_8f4bc777a91e45e5b0c23df715b2de44~mv2.jpg | Z41: The Inspiration Gold Series / Manzanita ING 486F built by Golden West Albany offers 2 bedrooms, 2 bathrooms, and 1,296 square feet of thoughtfully arranged living space. The layout highlights a welcoming flow with plenty of room to relax, entertain, or unwind in comfort. Ideal for those seeking a balance of charm and practicality, The Manzanita ING 486F delivers a cozy yet spacious manufactured home experience that fits a variety of lifestyles. | AA41: Note: 2x6 Floor Joists-16”O.C.; 3/12 Nominal Pitch(4: 12 pitch single wides) | AB41: Note: LP Smart Panel Sidingw/5/50 year warranty | AC41: Note: Tape and Texture Drywall Throughout | AD41: Note: All Electric Appliances | AE41: Note: SAMSUNG Stainless Steel 18 c/f Refer w/icemaker | AF41: Yes | AG41: Yes | AH41: Yes | AI41: =COUNTIF('Needs review'!$A:$A,B41) -> 0
A42: Black Walnut (ING 525F) | B42: gw-inspiration-gold-525f | C42: Golden West | D42: Inspiration Gold | E42: Standard | F42: Floorplan | G42: ING 525F | H42: Black Walnut | I42: 2 | J42: 2 | K42: 1404 | L42: 27 | M42: 52 | N42: Double | O42: 27' WIDE | P42: Yes | S42: =IF(COUNTA(U42:W42)>0,"Yes","No") -> No | T42: https://raw.githubusercontent.com/CadelMVH/Wix-Gallery-Downloads/main/ING/ING525F.pdf | X42: https://static.wixstatic.com/media/866235_54e0b0ed7c6c445a83552450ce093266~mv2.webp | Y42: https://static.wixstatic.com/media/866235_54e0b0ed7c6c445a83552450ce093266~mv2.webp | Z42: The Inspiration Gold Series / The Black Walnut ING 525F built by Golden West Albany pairs sunny style with an easy, open layout for everyday life. With 1,377 square feet, you get 2 bedrooms and 2 bathrooms, a bright living area that flows to dining, and a practical kitchen for simple meals. The Black Walnut ING 525F adds a calm primary suite, a flexible second room, and tidy storage. Tour today, feel the comfort, and picture your next chapter here—then make it yours. Easy-care finishes keep upkeep light and days smooth. | AA42: Note: 2x6 Floor Joists-16”O.C.; 3/12 Nominal Pitch(4: 12 pitch single wides) | AB42: Note: LP Smart Panel Sidingw/5/50 year warranty | AC42: Note: Tape and Texture Drywall Throughout | AD42: Note: All Electric Appliances | AE42: Note: SAMSUNG Stainless Steel 18 c/f Refer w/icemaker | AF42: Yes | AG42: Yes | AH42: Yes | AI42: =COUNTIF('Needs review'!$A:$A,B42) -> 1
A43: Wisteria (ING 524F) | B43: gw-inspiration-gold-524f | C43: Golden West | D43: Inspiration Gold | E43: Standard | F43: Floorplan | G43: ING 524F | H43: Wisteria | I43: 3 | J43: 2 | K43: 1404 | L43: 27 | M43: 52 | N43: Double | O43: 27' WIDE | P43: Yes | S43: =IF(COUNTA(U43:W43)>0,"Yes","No") -> Yes | T43: https://raw.githubusercontent.com/CadelMVH/Wix-Gallery-Downloads/main/ING/ING524F.pdf | U43: https://momento360.com/e/uc/e5c1afd139f44056a111566c62a66a91 | X43: https://static.wixstatic.com/media/866235_a6617fbac9ed4ff9b3e3dd4c0fb6dbd0~mv2.webp | Y43: https://static.wixstatic.com/media/866235_a6617fbac9ed4ff9b3e3dd4c0fb6dbd0~mv2.webp; https://static.wixstatic.com/media/866235_ddff3ff66afd4d7181ff05a896088610~mv2.webp; https://static.wixstatic.com/media/866235_6d04182788e947fba55e3712c260f17b~mv2.jpg | Z43: The Inspiration Gold Series / Wisteria ING 524F built by Golden West Albany features 3 bedrooms, 2 bathrooms, and 1,404 square feet of inviting living space. The layout is designed to balance comfort and function, offering cozy bedrooms, a central living area, and a welcoming flow throughout. Whether you’re starting fresh or downsizing with style, The Wisteria ING 524F is a well-rounded manufactured home that brings convenience and charm together seamlessly. | AA43: Note: 2x6 Floor Joists-16”O.C.; 3/12 Nominal Pitch(4: 12 pitch single wides) | AB43: Note: LP Smart Panel Sidingw/5/50 year warranty | AC43: Note: Tape and Texture Drywall Throughout | AD43: Note: All Electric Appliances | AE43: Note: SAMSUNG Stainless Steel 18 c/f Refer w/icemaker | AF43: Yes | AG43: Yes | AH43: Yes | AI43: =COUNTIF('Needs review'!$A:$A,B43) -> 0
A44: Cottonwood (ING 563F) | B44: gw-inspiration-gold-563f | C44: Golden West | D44: Inspiration Gold | E44: Standard | F44: Floorplan | G44: ING 563F | H44: Cottonwood | I44: 3 | J44: 2 | K44: 1512 | L44: 27 | M44: 56 | N44: Double | O44: 27' WIDE | P44: Yes | S44: =IF(COUNTA(U44:W44)>0,"Yes","No") -> No | T44: https://raw.githubusercontent.com/CadelMVH/Wix-Gallery-Downloads/main/ING/ING563F.pdf | X44: https://static.wixstatic.com/media/866235_60df0cfdc17b45a4a98239d6072d99c1~mv2.webp | Y44: https://static.wixstatic.com/media/866235_60df0cfdc17b45a4a98239d6072d99c1~mv2.webp; https://static.wixstatic.com/media/866235_50f1f2a92da44d1cb1b524735fa7fc7c~mv2.jpg | Z44: The Inspiration Gold Series / Cottonwood ING 563F built by Golden West Homes offers 1,512 square feet of thoughtfully designed living space, featuring 3 bedrooms and 2 bathrooms. This manufactured home blends style with functionality, with spacious living areas ideal for gatherings and private bedrooms that offer a cozy retreat. The Cottonwood ING 563F is a perfect choice for families or individuals seeking a modern home that combines everyday convenience with a welcoming atmosphere for comfortable living. | AA44: Note: 2x6 Floor Joists-16”O.C.; 3/12 Nominal Pitch(4: 12 pitch single wides) | AB44: Note: LP Smart Panel Sidingw/5/50 year warranty | AC44: Note: Tape and Texture Drywall Throughout | AD44: Note: All Electric Appliances | AE44: Note: SAMSUNG Stainless Steel 18 c/f Refer w/icemaker | AF44: Yes | AG44: Yes | AH44: Yes | AI44: =COUNTIF('Needs review'!$A:$A,B44) -> 0
A45: Scarlet Oak (ING 565F) | B45: gw-inspiration-gold-565f | C45: Golden West | D45: Inspiration Gold | E45: Standard | F45: Floorplan | G45: ING 565F | H45: Scarlet Oak | I45: 3 | J45: 2 | K45: 1512 | L45: 27 | M45: 56 | N45: Double | O45: 27' WIDE | P45: Yes | S45: =IF(COUNTA(U45:W45)>0,"Yes","No") -> No | T45: https://raw.githubusercontent.com/CadelMVH/Wix-Gallery-Downloads/main/ING/ING565F.pdf | X45: https://static.wixstatic.com/media/866235_a501b9edc0144f5b83fffe6cdd7ea904~mv2.webp | Y45: https://static.wixstatic.com/media/866235_a501b9edc0144f5b83fffe6cdd7ea904~mv2.webp | Z45: The Inspiration Gold Series / The Scarlet Oak ING 565F built by Golden West Albany offers 3 bedrooms, 2 bathrooms, and 1,512 square feet of thoughtfully arranged space. With its well-balanced layout and inviting atmosphere, this manufactured home provides the comfort of private bedrooms and the convenience of open shared areas. The Scarlet Oak ING 565F is ideal for those seeking a stylish and functional home that adapts easily to everyday living. | AA45: Note: 2x6 Floor Joists-16”O.C.; 3/12 Nominal Pitch(4: 12 pitch single wides) | AB45: Note: LP Smart Panel Sidingw/5/50 year warranty | AC45: Note: Tape and Texture Drywall Throughout | AD45: Note: All Electric Appliances | AE45: Note: SAMSUNG Stainless Steel 18 c/f Refer w/icemaker | AF45: Yes | AG45: Yes | AH45: Yes | AI45: =COUNTIF('Needs review'!$A:$A,B45) -> 0
A46: Shasta (ING 564F) | B46: gw-inspiration-gold-564f | C46: Golden West | D46: Inspiration Gold | E46: Standard | F46: Floorplan | G46: ING 564F | H46: Shasta | I46: 3 | J46: 2 | K46: 1512 | L46: 28 | M46: 56 | N46: Double | O46: 27' WIDE | P46: Yes | S46: =IF(COUNTA(U46:W46)>0,"Yes","No") -> Yes | T46: https://raw.githubusercontent.com/CadelMVH/Wix-Gallery-Downloads/main/ING/ING564F.pdf | U46: https://momento360.com/e/uc/d4eebf0274f4454fa5f84f43c9d45ba3 | X46: https://static.wixstatic.com/media/866235_e8db84fe6be7429790969dd0a236d5d1~mv2.webp | Y46: https://static.wixstatic.com/media/866235_e8db84fe6be7429790969dd0a236d5d1~mv2.webp; https://static.wixstatic.com/media/866235_9e1592afe2ac43c18afa7711bea898f1~mv2.webp; https://static.wixstatic.com/media/866235_4bd3921615154c098e716ac89e50c6a6~mv2.webp; https://static.wixstatic.com/media/866235_c4b4fffcc89a480dbd5d7513515c96e5~mv2.jpg | Z46: The Inspiration Gold Series / Shasta ING 564F built by Golden West Homes offers 1,512 square feet of well-planned living space, featuring 3 bedrooms and 2 bathrooms. This manufactured home is designed to meet both comfort and style needs, with open living areas ideal for social gatherings and private bedrooms that create a cozy retreat. The Shasta ING 564F is an excellent choice for families or individuals seeking a modern home that balances functionality with a warm, inviting atmosphere. | AA46: Note: 2x6 Floor Joists-16”O.C.; 3/12 Nominal Pitch(4: 12 pitch single wides) | AB46: Note: LP Smart Panel Sidingw/5/50 year warranty | AC46: Note: Tape and Texture Drywall Throughout | AD46: Note: All Electric Appliances | AE46: Note: SAMSUNG Stainless Steel 18 c/f Refer w/icemaker | AF46: Yes | AG46: Yes | AH46: Yes | AI46: =COUNTIF('Needs review'!$A:$A,B46) -> 0
A47: Spruce (ING 561F) | B47: gw-inspiration-gold-561f | C47: Golden West | D47: Inspiration Gold | E47: Standard | F47: Floorplan | G47: ING 561F | H47: Spruce | I47: 3 | J47: 2 | K47: 1512 | L47: 28 | M47: 56 | N47: Double | O47: 27' WIDE | P47: Yes | S47: =IF(COUNTA(U47:W47)>0,"Yes","No") -> Yes | T47: https://raw.githubusercontent.com/CadelMVH/Wix-Gallery-Downloads/main/ING/ING561F.pdf | U47: https://momento360.com/e/uc/24faa7a6025d4d13a4ff8ba3689e9fda | V47: https://my.matterport.com/show/?play=1&m=iUG3qkNrKfa | X47: https://static.wixstatic.com/media/866235_386303e865d74691901a5a1dbd78d4bd~mv2.webp | Y47: https://static.wixstatic.com/media/866235_386303e865d74691901a5a1dbd78d4bd~mv2.webp; https://static.wixstatic.com/media/866235_a54afd8ab0f94804bf24aafa36928450~mv2.webp; https://static.wixstatic.com/media/866235_a37ba0ee356c494e972e5c133da3b2ac~mv2.webp; https://static.wixstatic.com/media/866235_a722a81465064ce99b2f596c0022072f~mv2.jpg | Z47: The Inspiration Gold Series / Spruce ING 561F built by Golden West Homes provides 1,458 square feet of thoughtfully arranged living space, featuring 3 bedrooms and 2 bathrooms. This manufactured home is designed for comfort and style, with open living areas perfect for gatherings and private bedrooms that offer a cozy retreat. The Spruce ING 561F is an ideal choice for families or individuals seeking a modern home that combines functionality with a welcoming atmosphere, supporting both relaxation and everyday life. | AA47: Note: 2x6 Floor Joists-16”O.C.; 3/12 Nominal Pitch(4: 12 pitch single wides) | AB47: Note: LP Smart Panel Sidingw/5/50 year warranty | AC47: Note: Tape and Texture Drywall Throughout | AD47: Note: All Electric Appliances | AE47: Note: SAMSUNG Stainless Steel 18 c/f Refer w/icemaker | AF47: Yes | AG47: Yes | AH47: Yes | AI47: =COUNTIF('Needs review'!$A:$A,B47) -> 1
A48: Grand Noble (ING 605F) | B48: gw-inspiration-gold-605f | C48: Golden West | D48: Inspiration Gold | E48: Standard | F48: Floorplan | G48: ING 605F | H48: Grand Noble | I48: 3 | J48: 2 | K48: 1620 | L48: 27 | M48: 60 | N48: Double | O48: 27' WIDE | P48: Yes | S48: =IF(COUNTA(U48:W48)>0,"Yes","No") -> Yes | T48: https://raw.githubusercontent.com/CadelMVH/Wix-Gallery-Downloads/main/ING/ING605F.pdf | V48: https://my.matterport.com/show/?play=1&m=QkyD1Gqr67p | X48: https://static.wixstatic.com/media/866235_36a39eecffdf4c83a5bc415ce94fc164~mv2.webp | Y48: https://static.wixstatic.com/media/866235_36a39eecffdf4c83a5bc415ce94fc164~mv2.webp; https://static.wixstatic.com/media/866235_cd114917670a419f83dae9a917f6ed3c~mv2.jpg | Z48: The Inspiration Gold Series / Grand Noble ING 605F built by Golden West Homes offers 1,620 square feet of thoughtfully arranged living space, featuring 3 bedrooms and 2 bathrooms. This manufactured home is designed for those who value both style and functionality, with spacious living areas for gatherings and private bedrooms that provide a relaxing retreat. The Grand Noble ING 605F is an excellent choice for families or individuals seeking a modern home that balances comfort and practical living solutions. | AA48: Note: 2x6 Floor Joists-16”O.C.; 3/12 Nominal Pitch(4: 12 pitch single wides) | AB48: Note: LP Smart Panel Sidingw/5/50 year warranty | AC48: Note: Tape and Texture Drywall Throughout | AD48: Note: All Electric Appliances | AE48: Note: SAMSUNG Stainless Steel 18 c/f Refer w/icemaker | AF48: Yes | AG48: Yes | AH48: Yes | AI48: =COUNTIF('Needs review'!$A:$A,B48) -> 0
A49: Shagbark Hickory (ING 662F) | B49: gw-inspiration-gold-662f | C49: Golden West | D49: Inspiration Gold | E49: Standard | F49: Floorplan | G49: ING 662F | H49: Shagbark Hickory | I49: 4 | J49: 2 | K49: 1782 | L49: 27 | M49: 66 | N49: Double | O49: 27' WIDE | P49: Yes | S49: =IF(COUNTA(U49:W49)>0,"Yes","No") -> No | T49: https://raw.githubusercontent.com/CadelMVH/Wix-Gallery-Downloads/main/ING/ING662F.pdf | X49: https://static.wixstatic.com/media/866235_6f0c8e04ab2b422d98722b322d2269d6~mv2.webp | Y49: https://static.wixstatic.com/media/866235_6f0c8e04ab2b422d98722b322d2269d6~mv2.webp; https://static.wixstatic.com/media/866235_6666196d273745cb9551583c3b190fc1~mv2.jpg | Z49: The Inspiration Gold Series / The Shagbark Hickory ING 662F built by Golden West Albany offers 4 bedrooms, 2 bathrooms, and 1,773 square feet of comfortable living space. With a layout that encourages family connection and easy everyday living, this manufactured home brings together warmth and convenience under one roof. The Shagbark Hickory ING 662F is a welcoming and spacious home that’s ready to support your family’s next chapter. | AA49: Note: 2x6 Floor Joists-16”O.C.; 3/12 Nominal Pitch(4: 12 pitch single wides) | AB49: Note: LP Smart Panel Sidingw/5/50 year warranty | AC49: Note: Tape and Texture Drywall Throughout | AD49: Note: All Electric Appliances | AE49: Note: SAMSUNG Stainless Steel 18 c/f Refer w/icemaker | AF49: Yes | AG49: Yes | AH49: Yes | AI49: =COUNTIF('Needs review'!$A:$A,B49) -> 0
A50: Eucalyptus (ING 681F) | B50: gw-inspiration-gold-681f | C50: Golden West | D50: Inspiration Gold | E50: Standard | F50: Floorplan | G50: ING 681F | H50: Eucalyptus | I50: 3 | J50: 2 | K50: 1836 | L50: 28 | M50: 68 | N50: Double | O50: 27' WIDE | P50: Yes | S50: =IF(COUNTA(U50:W50)>0,"Yes","No") -> Yes | T50: https://raw.githubusercontent.com/CadelMVH/Wix-Gallery-Downloads/main/ING/ING681F.pdf | U50: https://momento360.com/e/uc/82c50572b7cb4955a9e8bd9223e45cf0 | X50: https://static.wixstatic.com/media/866235_c39eaa6bd99a45649f99387daa9f0934~mv2.webp | Y50: https://static.wixstatic.com/media/866235_c39eaa6bd99a45649f99387daa9f0934~mv2.webp; https://static.wixstatic.com/media/866235_6fe37461e3ed4cfdb4e08d96bbd9d582~mv2.webp; https://static.wixstatic.com/media/866235_bae653e2ec5848eda056e061ddd84c8f~mv2.webp; https://static.wixstatic.com/media/866235_e713a530d6304c008b7b2140389c8904~mv2.jpg; https://static.wixstatic.com/media/866235_3411fb59c74f4c8f9e69b88bb58d2b4e~mv2.jpg; https://static.wixstatic.com/media/866235_6e5e7dcdecef479b9b887013df71f625~mv2.jpg; https://static.wixstatic.com/media/866235_4225a6572ba84c21b877575d626e81b5~mv2.jpg; https://static.wixstatic.com/media/866235_34773e10d6814e1daaa95da0d5b094ad~mv2.jpg; https://static.wixstatic.com/media/866235_90789f12e7754cf1a04209f75626d375~mv2.jpg; https://static.wixstatic.com/media/866235_67f24552ce924e048eedcf744852b75b~mv2.jpg; https://static.wixstatic.com/media/866235_a53d372ff02a417f939002012b1d9c1d~mv2.jpg; https://static.wixstatic.com/media/866235_47620e8cccac49b1904e94a8fddf0780~mv2.jpg; https://static.wixstatic.com/media/866235_b620dc87660b428eb80bdf7f4266c56d~mv2.jpg; https://static.wixstatic.com/media/866235_132c28daa7f24ee283eee04fd8c89fa7~mv2.jpg | Z50: The Inspiration Gold Series / Eucalyptus ING 681F built by Golden West Homes provides 1,836 square feet of thoughtfully designed living space, featuring 3 bedrooms and 2 bathrooms. This manufactured home offers a blend of style and functionality, with spacious living areas perfect for gatherings and private bedrooms that create a peaceful retreat. The Eucalyptus ING 681F is a wonderful choice for families or individuals seeking a modern home that combines comfort with a welcoming atmosphere. | AA50: Note: 2x6 Floor Joists-16”O.C.; 3/12 Nominal Pitch(4: 12 pitch single wides) | AB50: Note: LP Smart Panel Sidingw/5/50 year warranty | AC50: Note: Tape and Texture Drywall Throughout | AD50: Note: All Electric Appliances | AE50: Note: SAMSUNG Stainless Steel 18 c/f Refer w/icemaker | AF50: Yes | AG50: Yes | AH50: Yes | AI50: =COUNTIF('Needs review'!$A:$A,B50) -> 0
A51: Western Larch (ING 684F) | B51: gw-inspiration-gold-684f | C51: Golden West | D51: Inspiration Gold | E51: Standard | F51: Floorplan | G51: ING 684F | H51: Western Larch | I51: 3 | J51: 2 | K51: 1836 | L51: 27 | M51: 68 | N51: Double | O51: 27' WIDE | P51: Yes | S51: =IF(COUNTA(U51:W51)>0,"Yes","No") -> No | T51: https://raw.githubusercontent.com/CadelMVH/Wix-Gallery-Downloads/main/ING/ING684F.pdf | X51: https://static.wixstatic.com/media/866235_294dec024f0947749abc08eb031c8f14~mv2.webp | Y51: https://static.wixstatic.com/media/866235_294dec024f0947749abc08eb031c8f14~mv2.webp; https://static.wixstatic.com/media/866235_b9757a2f73dc4a75b05249389d0a1ede~mv2.webp; https://static.wixstatic.com/media/866235_501dcbe3498f4860942bdd8053e353c0~mv2.jpg | Z51: The Inspiration Gold Series / Western Larch ING 684F built by Golden West Homes provides 1,836 square feet of spacious living, featuring 3 bedrooms and 2 bathrooms. This manufactured home balances comfort with elegance, offering open areas perfect for gatherings and private bedrooms that provide a peaceful escape. The Western Larch ING 684F is a top choice for families or individuals seeking a stylish, functional home that meets modern living needs, making daily life comfortable and inviting in every detail. | AA51: Note: 2x6 Floor Joists-16”O.C.; 3/12 Nominal Pitch(4: 12 pitch single wides) | AB51: Note: LP Smart Panel Sidingw/5/50 year warranty | AC51: Note: Tape and Texture Drywall Throughout | AD51: Note: All Electric Appliances | AE51: Note: SAMSUNG Stainless Steel 18 c/f Refer w/icemaker | AF51: Yes | AG51: Yes | AH51: Yes | AI51: =COUNTIF('Needs review'!$A:$A,B51) -> 0
A52: Tamarack (ING 621K) | B52: gw-inspiration-gold-621k | C52: Golden West | D52: Inspiration Gold | E52: Standard | F52: Floorplan | G52: ING 621K | H52: Tamarack | I52: 3 | J52: 2 | K52: 2038 | L52: 42 | M52: 62 | N52: Triple | O52: TRIPLE WIDE | P52: Yes | S52: =IF(COUNTA(U52:W52)>0,"Yes","No") -> Yes | T52: https://raw.githubusercontent.com/CadelMVH/Wix-Gallery-Downloads/main/ING/ING621K.pdf | U52: https://momento360.com/e/uc/3d33004720554c6c96b4f5dfbb605b25 | X52: https://static.wixstatic.com/media/866235_73dd3248ce204175b8031c8873fc99b3~mv2.webp | Y52: https://static.wixstatic.com/media/866235_73dd3248ce204175b8031c8873fc99b3~mv2.webp; https://static.wixstatic.com/media/866235_9edc6cff36a44a9f919560ce4fa705e6~mv2.webp; https://static.wixstatic.com/media/866235_fbc67a8e9e2a4b4aaacb31d7f99c75d4~mv2.jpg | Z52: The Inspiration Gold Series / Tamarack ING 621K built by Golden West Homes offers 1,993 square feet of beautifully crafted living space, featuring 3 bedrooms and 2 bathrooms. This manufactured home is designed for those who appreciate both style and function, with spacious living areas for entertaining and private bedrooms that provide a relaxing retreat. The Tamarack ING 621K is an excellent choice for families or individuals seeking a modern, versatile home that combines comfort with practical design. | AA52: Note: 2x6 Floor Joists-16”O.C.; 3/12 Nominal Pitch(4: 12 pitch single wides) | AB52: Note: LP Smart Panel Sidingw/5/50 year warranty | AC52: Note: Tape and Texture Drywall Throughout | AD52: Note: All Electric Appliances | AE52: Note: SAMSUNG Stainless Steel 18 c/f Refer w/icemaker | AF52: Yes | AG52: Yes | AH52: Yes | AI52: =COUNTIF('Needs review'!$A:$A,B52) -> 1
A53: Giant Sequoia (ING 762G) | B53: gw-inspiration-gold-762g | C53: Golden West | D53: Inspiration Gold | E53: Standard | F53: Floorplan | G53: ING 762G | H53: Giant Sequoia | I53: 4 | J53: 2 | K53: 2280 | L53: 30 | M53: 76 | N53: Double | O53: 30' WIDE | P53: Yes | S53: =IF(COUNTA(U53:W53)>0,"Yes","No") -> Yes | T53: https://raw.githubusercontent.com/CadelMVH/Wix-Gallery-Downloads/main/ING/ING762G.pdf | V53: https://my.matterport.com/show/?m=o6SZeYvAzTd | X53: https://static.wixstatic.com/media/866235_7a7710d23e64421a846429f49952ff6c~mv2.webp | Y53: https://static.wixstatic.com/media/866235_7a7710d23e64421a846429f49952ff6c~mv2.webp; https://static.wixstatic.com/media/866235_37f01b7f39614604adc8b62fcbad3130~mv2.webp; https://static.wixstatic.com/media/866235_db4911abf39a40159bbb1ff7489f1496~mv2.jpg | Z53: The Inspiration Gold Series / Giant Sequoia ING 762G built by Golden West Homes provides a spacious 2,280 square feet of living space, featuring 4 bedrooms and 2 bathrooms. This manufactured home is crafted to accommodate both family life and gatherings, offering expansive open areas for socializing and private bedrooms that serve as a restful retreat. The Giant Sequoia ING 762G is an ideal choice for those seeking a modern, roomy home that combines functionality with a warm and inviting atmosphere for everyday comfort. | AA53: Note: 2x6 Floor Joists-16”O.C.; 3/12 Nominal Pitch(4: 12 pitch single wides) | AB53: Note: LP Smart Panel Sidingw/5/50 year warranty | AC53: Note: Tape and Texture Drywall Throughout | AD53: Note: All Electric Appliances | AE53: Note: SAMSUNG Stainless Steel 18 c/f Refer w/icemaker | AF53: Yes | AG53: Yes | AH53: Yes | AI53: =COUNTIF('Needs review'!$A:$A,B53) -> 0
A54: Weeping Willow (ING 764G) | B54: gw-inspiration-gold-764g | C54: Golden West | D54: Inspiration Gold | E54: Standard | F54: Floorplan | G54: ING 764G | H54: Weeping Willow | I54: 4 | J54: 2 | K54: 2280 | L54: 30 | M54: 76 | N54: Double | O54: 30' WIDE | P54: Yes | S54: =IF(COUNTA(U54:W54)>0,"Yes","No") -> No | T54: https://raw.githubusercontent.com/CadelMVH/Wix-Gallery-Downloads/main/ING/ING764G.pdf | X54: https://static.wixstatic.com/media/866235_56f6b3fe1ddc4849a569dcb79dcbcf0a~mv2.webp | Y54: https://static.wixstatic.com/media/866235_56f6b3fe1ddc4849a569dcb79dcbcf0a~mv2.webp; https://static.wixstatic.com/media/866235_771fae93f7b94c21937c7687b588475b~mv2.jpg | Z54: The Inspiration Gold Series / Weeping Willow ING 764G built by Golden West Homes offers a generous 2,280 square feet of living space, featuring 4 bedrooms and 2 bathrooms. This manufactured home is thoughtfully designed for family living, with expansive open areas perfect for gatherings and private bedrooms that provide a peaceful retreat. The Weeping Willow ING 764G is an ideal choice for those seeking a spacious, modern home that combines functionality with a warm, welcoming atmosphere for comfortable everyday life. | AA54: Note: 2x6 Floor Joists-16”O.C.; 3/12 Nominal Pitch(4: 12 pitch single wides) | AB54: Note: LP Smart Panel Sidingw/5/50 year warranty | AC54: Note: Tape and Texture Drywall Throughout | AD54: Note: All Electric Appliances | AE54: Note: SAMSUNG Stainless Steel 18 c/f Refer w/icemaker | AF54: Yes | AG54: Yes | AH54: Yes | AI54: =COUNTIF('Needs review'!$A:$A,B54) -> 0
A55: General Sherman (ING 602K) | B55: gw-inspiration-gold-602k | C55: Golden West | D55: Inspiration Gold | E55: Standard | F55: Floorplan | G55: ING 602K | H55: General Sherman | I55: 3 | J55: 2 | K55: 2347 | L55: 40 | M55: 60 | N55: Double | O55: TRIPLE WIDE | P55: Yes | S55: =IF(COUNTA(U55:W55)>0,"Yes","No") -> No | T55: https://raw.githubusercontent.com/CadelMVH/Wix-Gallery-Downloads/main/ING/ING602K.pdf | X55: https://static.wixstatic.com/media/866235_e930c73dfc5b4b9ea6ce858ab4b004d0~mv2.webp | Y55: https://static.wixstatic.com/media/866235_e930c73dfc5b4b9ea6ce858ab4b004d0~mv2.webp; https://static.wixstatic.com/media/866235_b473f23372434ee3b5ed047c9f856af9~mv2.webp; https://static.wixstatic.com/media/866235_8d84096105d3442cb49fe56fd0e2416f~mv2.jpg | Z55: The Inspiration Gold Series / The General Sherman ING 602K built by Golden West Albany delivers an expansive 2,347 square feet of well-designed living space with 3 bedrooms and 2 bathrooms. This manufactured home showcases an inviting layout that offers both privacy and togetherness, ideal for everyday life or entertaining guests. The General Sherman ING 602K is a refined and spacious retreat that perfectly blends function and comfort. | AA55: Note: 2x6 Floor Joists-16”O.C.; 3/12 Nominal Pitch(4: 12 pitch single wides) | AB55: Note: LP Smart Panel Sidingw/5/50 year warranty | AC55: Note: Tape and Texture Drywall Throughout | AD55: Note: All Electric Appliances | AE55: Note: SAMSUNG Stainless Steel 18 c/f Refer w/icemaker | AF55: Yes | AG55: Yes | AH55: Yes | AI55: =COUNTIF('Needs review'!$A:$A,B55) -> 0
A56: White Pine (ING 601K) | B56: gw-inspiration-gold-601k | C56: Golden West | D56: Inspiration Gold | E56: Standard | F56: Floorplan | G56: ING 601K | H56: White Pine | I56: 3 | J56: 3 | K56: 2347 | L56: 40 | M56: 60 | N56: Triple | O56: TRIPLE WIDE | P56: Yes | S56: =IF(COUNTA(U56:W56)>0,"Yes","No") -> No | T56: https://raw.githubusercontent.com/CadelMVH/Wix-Gallery-Downloads/main/ING/ING601K.pdf | X56: https://static.wixstatic.com/media/866235_18e97ea091ad4f8ebc663dd16f955a9a~mv2.webp | Y56: https://static.wixstatic.com/media/866235_18e97ea091ad4f8ebc663dd16f955a9a~mv2.webp; https://static.wixstatic.com/media/866235_cb70ab86ebda4d349329059ef381bb22~mv2.jpg; https://static.wixstatic.com/media/866235_b473f23372434ee3b5ed047c9f856af9~mv2.webp | Z56: The Inspiration Gold Series / White Pine ING 601K built by Golden West Homes provides a spacious 2,347 square feet of living space, featuring 3 bedrooms and 3 bathrooms. This manufactured home is designed for those who value both luxury and practicality, offering expansive open areas ideal for entertaining and private bedrooms that ensure a peaceful retreat. The White Pine ING 601K is an exceptional choice for families or individuals seeking a modern, roomy home that balances comfort with sophisticated style, making daily living a pleasure. | AA56: Note: 2x6 Floor Joists-16”O.C.; 3/12 Nominal Pitch(4: 12 pitch single wides) | AB56: Note: LP Smart Panel Sidingw/5/50 year warranty | AC56: Note: Tape and Texture Drywall Throughout | AD56: Note: All Electric Appliances | AE56: Note: SAMSUNG Stainless Steel 18 c/f Refer w/icemaker | AF56: Yes | AG56: Yes | AH56: Yes | AI56: =COUNTIF('Needs review'!$A:$A,B56) -> 0
A57: Ute Prayer (ING 682K) | B57: gw-inspiration-gold-682k | C57: Golden West | D57: Inspiration Gold | E57: Standard | F57: Floorplan | G57: ING 682K | H57: Ute Prayer | I57: 4 | J57: 2 | K57: 2654 | L57: 40 | M57: 68 | N57: Triple | O57: TRIPLE WIDE | P57: Yes | S57: =IF(COUNTA(U57:W57)>0,"Yes","No") -> No | T57: https://raw.githubusercontent.com/CadelMVH/Wix-Gallery-Downloads/main/ING/ING682K.pdf | X57: https://static.wixstatic.com/media/866235_2fa13a2f5b904941a3cb75825d9edf03~mv2.webp | Y57: https://static.wixstatic.com/media/866235_2fa13a2f5b904941a3cb75825d9edf03~mv2.webp; https://static.wixstatic.com/media/866235_a1362854bf714437984799545c2a6e67~mv2.jpg; https://static.wixstatic.com/media/866235_ed8fce1882f64cb8a8ed4a51aa5cc238~mv2.webp | Z57: The Inspiration Gold Series / Ute Prayer ING 682K built by Golden West Homes offers an impressive 2,654 square feet of living space, featuring 4 bedrooms and 2 bathrooms. This manufactured home is crafted for those who value both space and comfort, with expansive open areas perfect for gatherings and private bedrooms that create a peaceful retreat. The Ute Prayer ING 682K is an ideal choice for families or individuals seeking a modern home that combines ample room with stylish, functional design for everyday enjoyment. | AA57: Note: 2x6 Floor Joists-16”O.C.; 3/12 Nominal Pitch(4: 12 pitch single wides) | AB57: Note: LP Smart Panel Sidingw/5/50 year warranty | AC57: Note: Tape and Texture Drywall Throughout | AD57: Note: All Electric Appliances | AE57: Note: SAMSUNG Stainless Steel 18 c/f Refer w/icemaker | AF57: Yes | AG57: Yes | AH57: Yes | AI57: =COUNTIF('Needs review'!$A:$A,B57) -> 0
A58: Single Wide Duplex | B58: gw-gwd-4 | C58: Golden West | D58: Duplex | E58: Standard | F58: Duplex | G58: ADU-290N | K58: 870 | N58: Single | P58: No | Q58: missing bed/bath data | S58: =IF(COUNTA(U58:W58)>0,"Yes","No") -> No | X58: https://static.wixstatic.com/media/866235_f42fccbe04864bee8b7ef15e2cbcbd9e~mv2.png | Y58: https://static.wixstatic.com/media/866235_f42fccbe04864bee8b7ef15e2cbcbd9e~mv2.png; https://static.wixstatic.com/media/866235_01565efff3ef4749b0ba7a4813de0723~mv2.png | AF58: No | AG58: Yes | AH58: Yes | AI58: =COUNTIF('Needs review'!$A:$A,B58) -> 2
A59: Golden West Duplex 2-2 x 2-2 | B59: gw-gwd-2 | C59: Golden West | D59: Duplex | E59: Standard | F59: Duplex | G59: GW-Duplex-2/2 | I59: 3 | J59: 2 | K59: 2160 | L59: 30 | M59: 72 | N59: Double | O59: 30′ 0″ x 72′ 0″ | P59: Yes | S59: =IF(COUNTA(U59:W59)>0,"Yes","No") -> Yes | W59: https://cadelmvh.github.io/Duplex_No1/ | X59: https://static.wixstatic.com/media/866235_796e4260b1b742ffa976744bdc607a02~mv2.jpg | Y59: https://static.wixstatic.com/media/866235_796e4260b1b742ffa976744bdc607a02~mv2.jpg; https://static.wixstatic.com/media/866235_7a1e30ef8b5a4f3398ae5dda2216443d~mv2.gif; https://static.wixstatic.com/media/866235_94e2a8a25ab344bead70df53434e0334~mv2.png | Z59: The Duplex / 30×72 Duplex 2-2 x 2-2 built by Golden West Albany is a true duplex with two private homes under one roof. Totaling 2,160 square feet, this plan pairs a -bedroom, 2-bath residence on one side with a 2-bedroom, 2-bath residence on the other. Each side features a bright living room, dining area, and efficient kitchen, plus convenient storage. A shared wall keeps life quiet, while separate entries add privacy. Choose The 30×72 Duplex 2-2 x 2-2 for flexible living—tour today and see the possibilities. | AF59: No | AG59: Yes | AH59: Yes | AI59: =COUNTIF('Needs review'!$A:$A,B59) -> 1
A60: Golden West Duplex 3-2 x 2-2 | B60: gw-gwd-3 | C60: Golden West | D60: Duplex | E60: Standard | F60: Duplex | G60: GW-Duplex-3/2 | I60: 3 | J60: 2 | K60: 2160 | L60: 30 | M60: 72 | N60: Double | O60: 30′ 0″ x 72′ 0″ | P60: Yes | S60: =IF(COUNTA(U60:W60)>0,"Yes","No") -> Yes | W60: https://cadelmvh.github.io/Duplex_No1/ | X60: https://static.wixstatic.com/media/866235_1b6d00a4b6784d148e51bc9f9494d5b4~mv2.png | Y60: https://static.wixstatic.com/media/866235_1b6d00a4b6784d148e51bc9f9494d5b4~mv2.png; https://static.wixstatic.com/media/866235_b002e90389834b27a62c3da195564532~mv2.gif; https://static.wixstatic.com/media/866235_80b647c7ba714419add12de26fcb531f~mv2.jpg | Z60: The Duplex / 30×72 Duplex 3-2 x 2-2 built by Golden West Albany is a true duplex with two private homes under one roof. Totaling 2,160 square feet, this plan pairs a 3-bedroom, 2-bath residence on one side with a 2-bedroom, 2-bath residence on the other. Each side features a bright living room, dining area, and efficient kitchen, plus convenient storage. A shared wall keeps life quiet, while separate entries add privacy. Choose The 30×72 Duplex 3-2 x 2-2 for flexible living—tour today and see the possibilities. | AF60: No | AG60: Yes | AH60: Yes | AI60: =COUNTIF('Needs review'!$A:$A,B60) -> 1
A61: Golden West Duplex 3-2 x 3-2 | B61: gw-gwd-1 | C61: Golden West | D61: Duplex | E61: Standard | F61: Duplex | G61: GW-Duplex-3/3 | I61: 3 | J61: 2 | K61: 2160 | L61: 30 | M61: 72 | N61: Double | O61: 30′ 0″ x 72′ 0″ | P61: Yes | S61: =IF(COUNTA(U61:W61)>0,"Yes","No") -> No | X61: https://static.wixstatic.com/media/866235_94e2a8a25ab344bead70df53434e0334~mv2.png | Y61: https://static.wixstatic.com/media/866235_94e2a8a25ab344bead70df53434e0334~mv2.png; https://static.wixstatic.com/media/866235_fd9c678bf7b14cc79f13d8c0b84463d7~mv2.gif; https://static.wixstatic.com/media/866235_5a6fcf024ea34aa2b71021352d8c88b8~mv2.png; https://static.wixstatic.com/media/866235_4acf3f48ba5348ea95b4c24a8705d4f1~mv2.jpg | Z61: The Duplex / 30×72 Duplex 3-2 x 3-2 built by Golden West Albany is a true duplex with two private homes under one roof. Totaling 2,160 square feet, this plan pairs a 3-bedroom, 2-bath residence on one side with a 3-bedroom, 2-bath residence on the other. Each side features a bright living room, dining area, and efficient kitchen, plus convenient storage. A shared wall keeps life quiet, while separate entries add privacy. Choose The 30×72 Duplex 3-2 x 3-2 for flexible living—tour today and see the possibilities. | AF61: No | AG61: Yes | AH61: Yes | AI61: =COUNTIF('Needs review'!$A:$A,B61) -> 1
A62: Dream Park Model - The Lodge | B62: gw-gwp-1 | C62: Golden West | D62: Dream Park Model | E62: Standard | F62: Park Model | G62: DPS 331M | I62: 1 | J62: 1 | K62: 396 | L62: 12 | M62: 33 | N62: Single | O62: 12′ 0″ x 33′ 0″ | P62: Yes | S62: =IF(COUNTA(U62:W62)>0,"Yes","No") -> Yes | W62: https://cadelmvh.github.io/The-Lodge/ | X62: https://static.wixstatic.com/media/866235_71f71ad02d05411e9a6ce4a0882834e3~mv2.jpg | Y62: https://static.wixstatic.com/media/866235_71f71ad02d05411e9a6ce4a0882834e3~mv2.jpg; https://static.wixstatic.com/media/866235_c67d02f9967046b4bf25e6a81fd2e449~mv2.jpg; https://static.wixstatic.com/media/866235_09a8718929674f2ba9955656b0978ff0~mv2.jpg; https://static.wixstatic.com/media/866235_541734b98aea46eb9604c52aa6f7d466~mv2.jpg; https://static.wixstatic.com/media/866235_81e57ad665d64103a9d7c61731df5cfa~mv2.jpg; https://static.wixstatic.com/media/866235_667dfeac2908462dba21caad4a46b777~mv2.jpg; https://static.wixstatic.com/media/866235_f91d1f49b37746efb181f1e2e552e918~mv2.jpg; https://static.wixstatic.com/media/866235_259639b674b34b269708586047f9e59a~mv2.jpg; https://static.wixstatic.com/media/866235_5b957d01a61e4b23a0eb493c49ad2079~mv2.jpg; https://static.wixstatic.com/media/866235_d01e6959c5914ce4b5e4c25bf2dd3fb8~mv2.jpg; https://static.wixstatic.com/media/866235_d023eb7ea4ee45d2b51fbc4f73291c71~mv2.jpg; https://static.wixstatic.com/media/866235_afcbcd37780640ab99601796aad4597d~mv2.jpg; https://static.wixstatic.com/media/866235_b866ed0162ff4109aeb2f6a72ce1c7c5~mv2.jpg; https://static.wixstatic.com/media/866235_3475b26973dd456eadd7436c0a53822e~mv2.jpg; https://static.wixstatic.com/media/866235_0b2a013910d44f1fadef5ee78d1f237d~mv2.jpg | Z62: The 400 Series / DPS 331M built by Golden West Homes offers 396 square feet of well-designed living space, featuring 1 bedroom and 1 bathroom. This park model home maximizes comfort within a compact layout, with an open living area that enhances functionality and a private bedroom that provides a cozy retreat. The DPS 331M is an ideal choice for individuals or couples seeking a modern, efficient park model that blends practicality with a welcoming atmosphere, perfect for getaways or long-term stays. | AF62: No | AG62: Yes | AH62: Yes | AI62: =COUNTIF('Needs review'!$A:$A,B62) -> 1
A63: Columbia River 1001 | B63: mar-columbia-river-1001 | C63: Marlette | D63: Columbia River | E63: Standard | F63: Floorplan | G63: 1001 | I63: 1 | J63: 1 | K63: 480 | L63: 13.33 | M63: 36 | N63: Single | O63: 13' 4" x 36' | P63: Yes | S63: =IF(COUNTA(U63:W63)>0,"Yes","No") -> Yes | T63: https://raw.githubusercontent.com/CadelMVH/Wix-Gallery-Downloads/main/CR/1001.pdf | V63: https://my.matterport.com/show?play=1&lang=en-US&m=FgFZPzopwY2 | X63: https://static.wixstatic.com/media/866235_853d5164a3c24b8eaa102b292ed30151~mv2.webp | Y63: https://static.wixstatic.com/media/866235_853d5164a3c24b8eaa102b292ed30151~mv2.webp; https://static.wixstatic.com/media/866235_247cb1ec990a4c5691a4e0a8eff1d90a~mv2.webp | Z63: The 1001 built by Clayton West Hermiston is a well-crafted home featuring 1 bedroom, 1 bathroom, and 480 sq. ft. of living space. The open floor plan maximizes functionality, seamlessly connecting the living room, kitchen, and dining area. The master bedroom provides ample space and privacy, while modern finishes enhance the home’s appeal. Built with energy-efficient materials, the 1001 offers a comfortable and stylish living experience. 3D Tour | AF63: Yes | AG63: Yes | AH63: Yes | AI63: =COUNTIF('Needs review'!$A:$A,B63) -> 0
A64: Columbia River 1002 | B64: mar-columbia-river-1002 | C64: Marlette | D64: Columbia River | E64: Standard | F64: Floorplan | G64: 1002 | I64: 1 | J64: 1 | K64: 533 | L64: 13.33 | M64: 40 | N64: Single | O64: 13' 4" x 40' | P64: Yes | S64: =IF(COUNTA(U64:W64)>0,"Yes","No") -> No | T64: https://raw.githubusercontent.com/CadelMVH/Wix-Gallery-Downloads/main/CR/1002.pdf | X64: https://static.wixstatic.com/media/866235_bb979c7ad8c24e6e9b892a73d9b640f2~mv2.webp | Y64: https://static.wixstatic.com/media/866235_bb979c7ad8c24e6e9b892a73d9b640f2~mv2.webp; https://static.wixstatic.com/media/866235_c9d24db2ee3e492c9f4b550f2e52be2c~mv2.webp | Z64: The 1002 built by Clayton West Hermiston is a thoughtfully designed home featuring 1 bedroom, 1 bathroom, and 536 sq. ft. of living space. The efficient layout includes a cozy living room, a well-appointed kitchen, and a dining area ideal for entertaining. The master suite offers a peaceful retreat with ample storage. Built for energy efficiency and lasting quality, the 1002 is a perfect choice for those seeking affordability and style. | AF64: Yes | AG64: Yes | AH64: Yes | AI64: =COUNTIF('Needs review'!$A:$A,B64) -> 0
A65: Columbia River 1003 | B65: mar-columbia-river-1003 | C65: Marlette | D65: Columbia River | E65: Standard | F65: Floorplan | G65: 1003 | I65: 2 | J65: 1 | K65: 640 | L65: 13.33 | M65: 48 | N65: Single | O65: 13' 4" x 48' | P65: Yes | S65: =IF(COUNTA(U65:W65)>0,"Yes","No") -> No | T65: https://raw.githubusercontent.com/CadelMVH/Wix-Gallery-Downloads/main/CR/1003.pdf | X65: https://static.wixstatic.com/media/866235_e4ac621f8a3144889a60b5345bebc466~mv2.webp | Y65: https://static.wixstatic.com/media/866235_e4ac621f8a3144889a60b5345bebc466~mv2.webp; https://static.wixstatic.com/media/866235_1367a54e38994345b985714f664f2cc4~mv2.webp; https://static.wixstatic.com/media/866235_c4524d9295344d208f53f19d882b6bbb~mv2.webp | Z65: The 1003 built by Clayton West Hermiston is a compact and efficient home featuring 2 bedrooms, 1 bathroom, and 640 sq. ft. of living space. The open-concept design maximizes space, with a functional kitchen and a comfortable living area. The master suite includes a private retreat with modern touches. Built with energy-efficient features, the 1003 provides a perfect blend of practicality and style. | AF65: Yes | AG65: Yes | AH65: Yes | AI65: =COUNTIF('Needs review'!$A:$A,B65) -> 0
A66: Columbia River 1006 | B66: mar-columbia-river-1006 | C66: Marlette | D66: Columbia River | E66: Standard | F66: Floorplan | G66: 1006 | I66: 2 | J66: 2 | K66: 720 | L66: 15 | M66: 48 | N66: Single | O66: 15' x 48' | P66: Yes | S66: =IF(COUNTA(U66:W66)>0,"Yes","No") -> No | T66: https://raw.githubusercontent.com/CadelMVH/Wix-Gallery-Downloads/main/CR/1006.pdf | X66: https://static.wixstatic.com/media/866235_6ec16412751e43d6949e69ed8025edce~mv2.webp | Y66: https://static.wixstatic.com/media/866235_6ec16412751e43d6949e69ed8025edce~mv2.webp; https://static.wixstatic.com/media/866235_9f48900df36f40e98c308a3d026c47da~mv2.webp; https://static.wixstatic.com/media/866235_115a402dfa834b91bb0be9609eb28f4c~mv2.webp | Z66: The 1006 built by Clayton West Hermiston is a modern home offering 2 bedrooms, 2 bathrooms, and 720 sq. ft. of living space. The open-concept design creates a spacious feel, with a functional kitchen and a cozy living room. The master suite features a private bath and ample storage. Designed for efficiency and comfort, the 1006 is a great choice for those seeking a contemporary yet practical home. | AF66: Yes | AG66: Yes | AH66: Yes | AI66: =COUNTIF('Needs review'!$A:$A,B66) -> 0
A67: Columbia River 1004 | B67: mar-columbia-river-1004 | C67: Marlette | D67: Columbia River | E67: Standard | F67: Floorplan | G67: 1004 | I67: 2 | J67: 1 | K67: 746 | L67: 13.33 | M67: 56 | N67: Single | O67: 13' 4" x 56' | P67: Yes | S67: =IF(COUNTA(U67:W67)>0,"Yes","No") -> No | T67: https://raw.githubusercontent.com/CadelMVH/Wix-Gallery-Downloads/main/CR/1004.pdf | X67: https://static.wixstatic.com/media/866235_22138506c8734aad9842602d7ba3df29~mv2.webp | Y67: https://static.wixstatic.com/media/866235_22138506c8734aad9842602d7ba3df29~mv2.webp; https://static.wixstatic.com/media/866235_275084ce07cf4def9da7246877567d31~mv2.webp; https://static.wixstatic.com/media/866235_8b39c3a932444e208892e389e50f5b94~mv2.webp | Z67: The 1004 built by Clayton West Hermiston is a stylish and efficient home featuring 2 bedrooms, 1 bathroom, and 766 sq. ft. of living space. The spacious living area flows seamlessly into the kitchen and dining space, creating a welcoming atmosphere. The master suite includes a walk-in closet and a private bath. With energy-efficient construction and contemporary finishes, the 1004 is a perfect balance of comfort and functionality. | AF67: Yes | AG67: Yes | AH67: Yes | AI67: =COUNTIF('Needs review'!$A:$A,B67) -> 1
A68: Columbia River 1005 | B68: mar-columbia-river-1005 | C68: Marlette | D68: Columbia River | E68: Standard | F68: Floorplan | G68: 1005 | I68: 2 | J68: 2 | K68: 800 | L68: 13.33 | M68: 60 | N68: Single | O68: 13' 4" x 60' | P68: Yes | S68: =IF(COUNTA(U68:W68)>0,"Yes","No") -> No | T68: https://raw.githubusercontent.com/CadelMVH/Wix-Gallery-Downloads/main/CR/1005.pdf | X68: https://static.wixstatic.com/media/866235_741d7b445e3942978286e57855dce640~mv2.webp | Y68: https://static.wixstatic.com/media/866235_741d7b445e3942978286e57855dce640~mv2.webp; https://static.wixstatic.com/media/866235_80c182da73ab4852ae280711607eee8c~mv2.webp | Z68: The 1005 built by Clayton West Hermiston is a well-designed home featuring 2 bedrooms, 2 bathrooms, and 800 sq. ft. of living space. The open floor plan enhances the flow between the living room, kitchen, and dining area. The master suite provides a relaxing retreat with an ensuite bath. With energy-efficient construction and quality craftsmanship, the 1005 is ideal for modern living. | AF68: Yes | AG68: Yes | AH68: Yes | AI68: =COUNTIF('Needs review'!$A:$A,B68) -> 0
A69: Columbia River 2038 | B69: mar-columbia-river-2038 | C69: Marlette | D69: Columbia River | E69: Standard | F69: Floorplan | G69: 2038 | I69: 2 | J69: 2 | K69: 839 | L69: 19.67 | M69: 44 | N69: Double | O69: 19' 8" x 44' / 41' 4" | P69: Yes | S69: =IF(COUNTA(U69:W69)>0,"Yes","No") -> No | T69: https://raw.githubusercontent.com/CadelMVH/Wix-Gallery-Downloads/main/CR/2038.pdf | X69: https://static.wixstatic.com/media/866235_e7ac39845ab045b187b4757696d5655d~mv2.webp | Y69: https://static.wixstatic.com/media/866235_e7ac39845ab045b187b4757696d5655d~mv2.webp; https://static.wixstatic.com/media/866235_7352e20be5c44219ab33b4e7428c449d~mv2.webp | Z69: The 2038 built by Clayton West Hermiston is a well-appointed multi-section home featuring 2 bedrooms, 2 bathrooms, and 839 sq. ft. of living space. The open layout enhances the sense of space, with a stylish living room, a modern kitchen, and a dining area perfect for gatherings. The master suite offers a private retreat with a walk-in closet and ensuite bath. Built with energy-efficient materials, the 2038 is ideal for comfortable and luxurious living. | AF69: Yes | AG69: Yes | AH69: Yes | AI69: =COUNTIF('Needs review'!$A:$A,B69) -> 0
A70: Columbia River 1007 | B70: mar-columbia-river-1007 | C70: Marlette | D70: Columbia River | E70: Standard | F70: Floorplan | G70: 1007 | I70: 2 | J70: 2 | K70: 840 | L70: 15 | M70: 56 | N70: Single | O70: 15' x 56' | P70: No | Q70: bed/bath data may be wrong - verify | S70: =IF(COUNTA(U70:W70)>0,"Yes","No") -> No | T70: https://raw.githubusercontent.com/CadelMVH/Wix-Gallery-Downloads/main/CR/1007.pdf | X70: https://static.wixstatic.com/media/866235_8f119985c2d64ec0bd43844f122f976d~mv2.webp | Y70: https://static.wixstatic.com/media/866235_8f119985c2d64ec0bd43844f122f976d~mv2.webp; https://static.wixstatic.com/media/866235_0f6d3d51a1974bed9256dae59b826ccf~mv2.webp; https://static.wixstatic.com/media/866235_e8067b8b7b2c4f358af9d3f78970fa5d~mv2.webp | Z70: The 1007 built by Clayton West Hermiston is a beautifully crafted home featuring 2 bedrooms, 2 bathrooms, and 720 sq. ft. of living space. The open floor plan seamlessly connects the living room, kitchen, and dining area. The master suite offers a private retreat with a walk-in closet and ensuite bath. Built with energy-efficient materials and high-end finishes, the 1007 is perfect for modern living. | AF70: Yes | AG70: Yes | AH70: Yes | AI70: =COUNTIF('Needs review'!$A:$A,B70) -> 2
A71: Columbia River 2029 | B71: mar-columbia-river-2029 | C71: Marlette | D71: Columbia River | E71: Standard | F71: Floorplan | G71: 2029 | I71: 2 | J71: 2 | K71: 864 | L71: 24 | M71: 36 | N71: Double | O71: 24' x 36' | P71: Yes | S71: =IF(COUNTA(U71:W71)>0,"Yes","No") -> Yes | T71: https://raw.githubusercontent.com/CadelMVH/Wix-Gallery-Downloads/main/CR/2029.pdf | V71: https://my.matterport.com/show/?m=P9747jQ2KqY | X71: https://static.wixstatic.com/media/866235_df89e1f8e2004531a8d10ab1a0a7bc17~mv2.webp | Y71: https://static.wixstatic.com/media/866235_df89e1f8e2004531a8d10ab1a0a7bc17~mv2.webp; https://static.wixstatic.com/media/866235_459ac2a33bf44e9eba12e59f6c0d4c29~mv2.webp; https://static.wixstatic.com/media/866235_58e2e34911fc4b4ea20158a58abc0bcf~mv2.png; https://static.wixstatic.com/media/866235_711defebb1ea44fb9b4671bbf36f902e~mv2.png; https://static.wixstatic.com/media/866235_f0b299685d9641c6a1cf02b1c59a9661~mv2.png; https://static.wixstatic.com/media/866235_d923200a8f014a91b43f8b9f4182843b~mv2.png; https://static.wixstatic.com/media/866235_8171af6307474d28a8d69cf9b4d88538~mv2.png; https://static.wixstatic.com/media/866235_8e699366ba27462589420bbafac2101f~mv2.png; https://static.wixstatic.com/media/866235_32b354f11a764d75bad75e73bb722382~mv2.webp; https://static.wixstatic.com/media/866235_0023df0fd583402b931599696319960b~mv2.jpg | Z71: The 2029 built by Clayton West Hermiston is a well-designed home featuring 2 bedrooms, 2 bathrooms, and 864 sq. ft. of living space. The open-concept design creates a seamless flow between the living, dining, and kitchen areas. The master suite includes a spa-like ensuite bath and a walk-in closet. With energy-efficient construction and modern aesthetics, the 2029 is a perfect blend of comfort and sophistication. | AF71: Yes | AG71: Yes | AH71: Yes | AI71: =COUNTIF('Needs review'!$A:$A,B71) -> 0
A72: Columbia River 1008 | B72: mar-columbia-river-1008 | C72: Marlette | D72: Columbia River | E72: Standard | F72: Floorplan | G72: 1008 | I72: 3 | J72: 2 | K72: 900 | L72: 15 | M72: 60 | N72: Single | O72: 15' x 60 | P72: Yes | S72: =IF(COUNTA(U72:W72)>0,"Yes","No") -> No | T72: https://raw.githubusercontent.com/CadelMVH/Wix-Gallery-Downloads/main/CR/1008.pdf | X72: https://static.wixstatic.com/media/866235_c4f26aacff8b4e448167a261cfb41079~mv2.webp | Y72: https://static.wixstatic.com/media/866235_c4f26aacff8b4e448167a261cfb41079~mv2.webp; https://static.wixstatic.com/media/866235_40205d64d465419ea55ccbf6d8d9b997~mv2.webp | Z72: The 1008 built by Clayton West Hermiston is a well-appointed home featuring 3 bedrooms, 2 bathrooms, and 900 sq. ft. of living space. The open layout provides a seamless flow between the living, dining, and kitchen areas. The master suite includes a luxurious ensuite bath and a spacious walk-in closet. Designed for energy efficiency and comfort, the 1008 offers modern living at its best. | AF72: Yes | AG72: Yes | AH72: Yes | AI72: =COUNTIF('Needs review'!$A:$A,B72) -> 0
A73: Columbia River 1009 | B73: mar-columbia-river-1009 | C73: Marlette | D73: Columbia River | E73: Standard | F73: Floorplan | G73: 1009 | I73: 3 | J73: 2 | K73: 990 | L73: 15 | M73: 66 | N73: Single | O73: 15' x 66' | P73: Yes | S73: =IF(COUNTA(U73:W73)>0,"Yes","No") -> No | T73: https://raw.githubusercontent.com/CadelMVH/Wix-Gallery-Downloads/main/CR/1009.pdf | X73: https://static.wixstatic.com/media/866235_a6d638d2b7f041bd853bc045a8072082~mv2.webp | Y73: https://static.wixstatic.com/media/866235_a6d638d2b7f041bd853bc045a8072082~mv2.webp; https://static.wixstatic.com/media/866235_5238ddab954243c498efa3d7d83d2cc3~mv2.webp | Z73: The 1009 built by Clayton West Hermiston is a thoughtfully designed home featuring 3 bedrooms, 2 bathrooms, and 990 sq. ft. of living space. The open floor plan enhances functionality, with a spacious living room and a modern kitchen. The master suite includes a private bath and walk-in closet. Built with energy-efficient materials, the 1009 is a stylish and practical choice for contemporary living. | AF73: Yes | AG73: Yes | AH73: Yes | AI73: =COUNTIF('Needs review'!$A:$A,B73) -> 0
A74: Columbia River 2036 | B74: mar-columbia-river-2036 | C74: Marlette | D74: Columbia River | E74: Standard | F74: Floorplan | G74: 2036 | I74: 3 | J74: 2 | K74: 1056 | L74: 24 | M74: 44 | N74: Double | O74: 24' x 44' | P74: Yes | S74: =IF(COUNTA(U74:W74)>0,"Yes","No") -> No | T74: https://raw.githubusercontent.com/CadelMVH/Wix-Gallery-Downloads/main/CR/2036.pdf | X74: https://static.wixstatic.com/media/866235_4e547efdf5574c1ea2174b01f7191a5a~mv2.webp | Y74: https://static.wixstatic.com/media/866235_4e547efdf5574c1ea2174b01f7191a5a~mv2.webp; https://static.wixstatic.com/media/866235_f06320d3051e4a78a9abfb3e32d040f6~mv2.webp; https://static.wixstatic.com/media/866235_367a1c7f7eb645329d391437d51041af~mv2.webp | Z74: The 2036 built by Clayton West Hermiston is a beautifully designed home featuring 3 bedrooms, 2 bathrooms, and 1,056 sq. ft. of living space. The open-concept layout maximizes natural light and flow between the living room, kitchen, and dining area. The master suite offers a spa-like ensuite bath and a spacious walk-in closet. Built with high-quality materials and energy-efficient construction, the 2036 is an excellent choice for contemporary living. | AF74: Yes | AG74: Yes | AH74: Yes | AI74: =COUNTIF('Needs review'!$A:$A,B74) -> 0
